{
  "ml":{
    "02dd21":{
      "lock":false,
      "pos":{
        "x":-26.299997329712,
        "y":1.2756624221802,
        "z":-53.436836242676
      },
      "rot":{
        "x":359.97915649414,
        "y":89.99690246582,
        "z":359.98324584961
      }
    },
    "0de2c4":{
      "lock":false,
      "pos":{
        "x":-16.640100479126,
        "y":1.3599240779877,
        "z":-67.820602416992
      },
      "rot":{
        "x":0.020816441625357,
        "y":269.99975585938,
        "z":0.016767889261246
      }
    },
    "0f241b":{
      "lock":false,
      "pos":{
        "x":-22.616897583008,
        "y":1.3063827753067,
        "z":-84.818496704102
      },
      "rot":{
        "x":0.016771724447608,
        "y":179.99995422363,
        "z":359.97918701172
      }
    },
    "1aebf8":{
      "lock":false,
      "pos":{
        "x":-26.300130844116,
        "y":1.2710890769959,
        "z":-69.060600280762
      },
      "rot":{
        "x":359.97915649414,
        "y":89.999671936035,
        "z":359.98324584961
      }
    },
    "226716":{
      "lock":false,
      "pos":{
        "x":-16.640100479126,
        "y":1.3592010736466,
        "z":-70.290603637695
      },
      "rot":{
        "x":0.020816462114453,
        "y":269.99957275391,
        "z":0.016767775639892
      }
    },
    "2a0151":{
      "lock":false,
      "pos":{
        "x":-26.29958152771,
        "y":1.2664767503738,
        "z":-84.817985534668
      },
      "rot":{
        "x":359.97915649414,
        "y":90.000274658203,
        "z":359.98321533203
      }
    },
    "2d7917":{
      "lock":false,
      "pos":{
        "x":-22.616899490356,
        "y":1.3132841587067,
        "z":-61.241401672363
      },
      "rot":{
        "x":0.016771299764514,
        "y":179.99992370606,
        "z":359.97918701172
      }
    },
    "307044":{
      "lock":false,
      "pos":{
        "x":-16.640199661255,
        "y":1.3549485206604,
        "z":-84.818199157715
      },
      "rot":{
        "x":0.020810376852751,
        "y":270.02224731445,
        "z":0.016776017844677
      }
    },
    "3ddfeb":{
      "lock":false,
      "pos":{
        "x":-16.639400482178,
        "y":1.3545974493027,
        "z":-86.018600463867
      },
      "rot":{
        "x":0.020816437900066,
        "y":269.99957275391,
        "z":0.01676757261157
      }
    },
    "3f0e28":{
      "lock":false,
      "pos":{
        "x":-19.295900344849,
        "y":1.312201499939,
        "z":-69.060699462891
      },
      "rot":{
        "x":0.020802568644285,
        "y":270.02087402344,
        "z":0.016778532415628
      }
    },
    "41bfc7":{
      "lock":false,
      "pos":{
        "x":-16.640100479126,
        "y":1.3618528842926,
        "z":-61.23099899292
      },
      "rot":{
        "x":0.020813513547182,
        "y":270.01092529297,
        "z":0.016772037371993
      }
    },
    "4ad11b":{
      "lock":false,
      "pos":{
        "x":-16.639600753784,
        "y":1.357253074646,
        "z":-76.945602416992
      },
      "rot":{
        "x":0.02081685513258,
        "y":269.99969482422,
        "z":0.016767991706729
      }
    },
    "4d0a50":{
      "lock":false,
      "pos":{
        "x":-22.613899230957,
        "y":1.3155694007873,
        "z":-53.438098907471
      },
      "rot":{
        "x":0.016771335154772,
        "y":179.99993896484,
        "z":359.97918701172
      }
    },
    "543164":{
      "lock":false,
      "pos":{
        "x":-16.640300750732,
        "y":1.359561085701,
        "z":-69.060302734375
      },
      "rot":{
        "x":0.020816696807742,
        "y":269.99948120117,
        "z":0.01676768809557
      }
    },
    "6330da":{
      "lock":false,
      "pos":{
        "x":-16.640100479126,
        "y":1.3637878894806,
        "z":-54.620700836182
      },
      "rot":{
        "x":0.020816709846258,
        "y":270.00045776367,
        "z":0.016768408939242
      }
    },
    "779aa6":{
      "lock":false,
      "pos":{
        "x":-16.638500213623,
        "y":1.3553228378296,
        "z":-83.541496276855
      },
      "rot":{
        "x":0.020817339420319,
        "y":269.99801635742,
        "z":0.0167670622468
      }
    },
    "808696":{
      "lock":false,
      "pos":{
        "x":-19.300100326538,
        "y":1.3144911527634,
        "z":-61.233200073242
      },
      "rot":{
        "x":0.02080187574029,
        "y":270.02258300781,
        "z":0.016779391095042
      }
    },
    "810d82":{
      "lock":false,
      "pos":{
        "x":-19.299798965454,
        "y":1.3075875043869,
        "z":-84.818199157715
      },
      "rot":{
        "x":0.020804185420275,
        "y":270.02264404297,
        "z":0.01678222976625
      }
    },
    "8a01b9":{
      "lock":false,
      "pos":{
        "x":-19.293600082398,
        "y":1.3098955154419,
        "z":-76.941497802734
      },
      "rot":{
        "x":0.020802179351449,
        "y":270.02340698242,
        "z":0.01677935756743
      }
    },
    "9e80b9":{
      "lock":false,
      "pos":{
        "x":-16.640100479126,
        "y":1.3641481399536,
        "z":-53.390399932861
      },
      "rot":{
        "x":0.020820945501328,
        "y":269.98394775391,
        "z":0.016762308776379
      }
    },
    "a01c9b":{
      "lock":false,
      "pos":{
        "x":-19.299999237061,
        "y":1.3167735338211,
        "z":-53.43579864502
      },
      "rot":{
        "x":0.020802672952414,
        "y":270.02105712891,
        "z":0.016778372228146
      }
    },
    "bde4a6":{
      "lock":false,
      "pos":{
        "x":-16.640100479126,
        "y":1.3645104169846,
        "z":-52.152000427246
      },
      "rot":{
        "x":0.020816758275032,
        "y":269.99981689453,
        "z":0.016767907887697
      }
    },
    "bfb635":{
      "lock":false,
      "pos":{
        "x":-26.300138473511,
        "y":1.2687811851502,
        "z":-76.945648193359
      },
      "rot":{
        "x":359.97915649414,
        "y":89.999740600586,
        "z":359.98321533203
      }
    },
    "cfcb92":{
      "lock":false,
      "pos":{
        "x":-26.299480438232,
        "y":1.2733778953552,
        "z":-61.240718841553
      },
      "rot":{
        "x":359.97915649414,
        "y":90,
        "z":359.98324584961
      }
    },
    "d6fdbf":{
      "lock":false,
      "pos":{
        "x":-16.639999389648,
        "y":1.3614928722382,
        "z":-62.460899353027
      },
      "rot":{
        "x":0.020826989784837,
        "y":269.96524047852,
        "z":0.016755383461714
      }
    },
    "d92dda":{
      "lock":false,
      "pos":{
        "x":-22.615699768066,
        "y":1.3086876869202,
        "z":-76.945999145508
      },
      "rot":{
        "x":0.016771161928773,
        "y":179.99989318848,
        "z":359.97918701172
      }
    },
    "d9fb86":{
      "lock":false,
      "pos":{
        "x":-16.640100479126,
        "y":1.3568929433823,
        "z":-78.175598144531
      },
      "rot":{
        "x":0.020813906565309,
        "y":270.00866699219,
        "z":0.016771078109741
      }
    },
    "ddb016":{
      "lock":false,
      "pos":{
        "x":-22.615699768066,
        "y":1.3109914064407,
        "z":-69.07559967041
      },
      "rot":{
        "x":0.016771161928773,
        "y":179.99989318848,
        "z":359.97918701172
      }
    },
    "de216f":{
      "lock":false,
      "pos":{
        "x":-16.640100479126,
        "y":1.3622130155563,
        "z":-60.000999450684
      },
      "rot":{
        "x":0.020813586190343,
        "y":270.01071166992,
        "z":0.016771608963609
      }
    },
    "e04b48":{
      "lock":false,
      "pos":{
        "x":-16.640300750732,
        "y":1.3576160669327,
        "z":-75.70539855957
      },
      "rot":{
        "x":0.020820261910558,
        "y":269.98736572266,
        "z":0.016763519495726
      }
    }
  }
}