{
  "ml":{
    "169f5f":{
      "lock":false,
      "pos":{
        "x":-19.300020217896,
        "y":1.3529835939407,
        "z":-53.435836791992
      },
      "rot":{
        "x":0.02080955542624,
        "y":270.00155639648,
        "z":0.016771227121353
      }
    },
    "1abe52":{
      "lock":false,
      "pos":{
        "x":-19.29979133606,
        "y":1.3486115932465,
        "z":-84.818183898926
      },
      "rot":{
        "x":0.020808843895793,
        "y":270.00012207031,
        "z":0.016770765185356
      }
    },
    "23ea9a":{
      "lock":false,
      "pos":{
        "x":-16.640247344971,
        "y":1.3495774269104,
        "z":-84.818214416504
      },
      "rot":{
        "x":0.020814383402467,
        "y":269.99981689453,
        "z":0.016773438081145
      }
    },
    "260c46":{
      "lock":false,
      "pos":{
        "x":-16.640300750732,
        "y":1.3493758440018,
        "z":-69.06031036377
      },
      "rot":{
        "x":0.020814063027501,
        "y":270.00024414062,
        "z":0.016775595024228
      }
    },
    "6b77d7":{
      "lock":false,
      "pos":{
        "x":-16.849914550781,
        "y":1.3069813251495,
        "z":-91.599998474121
      },
      "rot":{
        "x":0.020808208733797,
        "y":270.00012207031,
        "z":0.016768056899309
      }
    },
    "6be340":{
      "lock":false,
      "pos":{
        "x":-19.300075531006,
        "y":1.3555157184601,
        "z":-61.233257293701
      },
      "rot":{
        "x":0.020809894427657,
        "y":269.99911499023,
        "z":0.016770806163549
      }
    },
    "77ba63":{
      "lock":false,
      "pos":{
        "x":-22.615762710571,
        "y":1.3086873292923,
        "z":-76.946044921875
      },
      "rot":{
        "x":0.020808693021536,
        "y":270.00009155273,
        "z":0.016771052032709
      }
    },
    "7c3d2e":{
      "lock":false,
      "pos":{
        "x":-19.293607711792,
        "y":1.3557335138321,
        "z":-76.941558837891
      },
      "rot":{
        "x":0.020811267197132,
        "y":269.99981689453,
        "z":0.016770757734776
      }
    },
    "7d5120":{
      "lock":false,
      "pos":{
        "x":-22.613903045654,
        "y":1.3155694007873,
        "z":-53.438129425049
      },
      "rot":{
        "x":0.020808598026633,
        "y":270.00003051758,
        "z":180.01676940918
      }
    },
    "981000":{
      "lock":false,
      "pos":{
        "x":-16.640069961548,
        "y":1.3539628982544,
        "z":-53.390422821045
      },
      "rot":{
        "x":0.02080993168056,
        "y":270.00003051758,
        "z":0.016768960282207
      }
    },
    "b5091c":{
      "lock":false,
      "pos":{
        "x":-26.314714431763,
        "y":1.3073438405991,
        "z":-76.947631835938
      },
      "rot":{
        "x":0.020809890702367,
        "y":269.99560546875,
        "z":0.016769632697105
      }
    },
    "c61dd3":{
      "lock":false,
      "pos":{
        "x":-16.640087127686,
        "y":1.3564817905426,
        "z":-61.230991363525
      },
      "rot":{
        "x":0.020810415968299,
        "y":269.99984741211,
        "z":0.016767520457506
      }
    },
    "d8bab9":{
      "lock":false,
      "pos":{
        "x":-19.299999237061,
        "y":1.3223506212234,
        "z":-91.598457336426
      },
      "rot":{
        "x":0.020808106288314,
        "y":270.00006103516,
        "z":0.016771288588643
      }
    },
    "e22086":{
      "lock":false,
      "pos":{
        "x":-16.639604568481,
        "y":1.3566960096359,
        "z":-76.945655822754
      },
      "rot":{
        "x":0.020814575254917,
        "y":269.99984741211,
        "z":0.016777632758021
      }
    },
    "eff7e4":{
      "lock":false,
      "pos":{
        "x":-19.295883178711,
        "y":1.3484114408493,
        "z":-69.060707092285
      },
      "rot":{
        "x":0.020806390792131,
        "y":270.00848388672,
        "z":0.016773846000433
      }
    }
  }
}