{
  "ml":{
    "095a6c":{
      "lock":false,
      "position":{
        "x":32.984523773193,
        "y":1.3853206634521,
        "z":-61.208057403565
      },
      "rotation":{
        "x":1.595761179924,
        "y":270.08453369141,
        "z":0.016707519069314
      }
    },
    "0e16cf":{
      "lock":false,
      "position":{
        "x":36.624034881592,
        "y":1.3293693065643,
        "z":-79.609992980957
      },
      "rotation":{
        "x":0.020971966907382,
        "y":269.51443481445,
        "z":0.016542490571737
      }
    },
    "1e0a2d":{
      "lock":false,
      "position":{
        "x":36.622821807861,
        "y":1.3862898349762,
        "z":-61.208396911621
      },
      "rotation":{
        "x":1.5847865343094,
        "y":270.19653320312,
        "z":0.016992861405015
      }
    },
    "1e8406":{
      "lock":false,
      "position":{
        "x":40.287502288818,
        "y":1.3347364664078,
        "z":-65.819831848145
      },
      "rotation":{
        "x":0.020794220268726,
        "y":270.07510375977,
        "z":0.016756692901254
      }
    },
    "2abbe8":{
      "lock":false,
      "position":{
        "x":36.622932434082,
        "y":1.384924530983,
        "z":-65.807983398438
      },
      "rotation":{
        "x":1.5843316316605,
        "y":270.10482788086,
        "z":0.01686586253345
      }
    },
    "2d374a":{
      "lock":false,
      "position":{
        "x":40.290069580078,
        "y":1.3333798646927,
        "z":-70.419853210449
      },
      "rotation":{
        "x":0.020886206999421,
        "y":270.04928588867,
        "z":0.016317501664162
      }
    },
    "3aacc6":{
      "lock":false,
      "position":{
        "x":40.290252685547,
        "y":1.3821984529495,
        "z":-79.618225097656
      },
      "rotation":{
        "x":358.45782470703,
        "y":269.51052856445,
        "z":0.016609724611044
      }
    },
    "456b43":{
      "lock":false,
      "position":{
        "x":40.290596008301,
        "y":1.3835370540619,
        "z":-75.019996643066
      },
      "rotation":{
        "x":358.45785522461,
        "y":270.06384277344,
        "z":0.016751023009419
      }
    },
    "6cea28":{
      "lock":false,
      "position":{
        "x":40.29008102417,
        "y":1.3374314308166,
        "z":-56.619979858398
      },
      "rotation":{
        "x":0.020815797150135,
        "y":269.97677612305,
        "z":0.016762614250183
      }
    },
    "7010ef":{
      "lock":false,
      "position":{
        "x":36.623710632324,
        "y":1.3889416456223,
        "z":-52.008163452148
      },
      "rotation":{
        "x":1.5831127166748,
        "y":270.31988525391,
        "z":0.017417760565877
      }
    },
    "8127bb":{
      "lock":false,
      "position":{
        "x":32.98461151123,
        "y":1.3880113363266,
        "z":-52.009338378906
      },
      "rotation":{
        "x":1.5956077575684,
        "y":270.23968505859,
        "z":0.016812251880765
      }
    },
    "85cf7e":{
      "lock":false,
      "position":{
        "x":40.290077209473,
        "y":1.3401243686676,
        "z":-47.419994354248
      },
      "rotation":{
        "x":0.02083446085453,
        "y":269.91247558594,
        "z":0.016739314422011
      }
    },
    "8b2f2f":{
      "lock":false,
      "position":{
        "x":36.622814178467,
        "y":1.3835355043411,
        "z":-70.408241271973
      },
      "rotation":{
        "x":1.583261847496,
        "y":269.92626953125,
        "z":0.016630014404654
      }
    },
    "8e8954":{
      "lock":false,
      "position":{
        "x":36.624359130859,
        "y":1.3307121992111,
        "z":-75.008399963379
      },
      "rotation":{
        "x":0.020849151536822,
        "y":270.01132202148,
        "z":0.016562158241868
      }
    },
    "f7d07b":{
      "lock":false,
      "position":{
        "x":40.290077209473,
        "y":1.338800907135,
        "z":-52.01997756958
      },
      "rotation":{
        "x":0.020659612491727,
        "y":269.90167236328,
        "z":0.017622346058488
      }
    },
    "fa603e":{
      "lock":false,
      "position":{
        "x":40.285411834717,
        "y":1.3360780477524,
        "z":-61.219879150391
      },
      "rotation":{
        "x":0.020803060382605,
        "y":270.1435546875,
        "z":0.01662103831768
      }
    }
  }
}