{
  "ml":{
    "021c1b":{
      "lock":false,
      "position":{
        "x":40.287570953369,
        "y":1.3808581829071,
        "z":-84.208518981934
      },
      "rotation":{
        "x":358.45901489258,
        "y":269.97274780273,
        "z":0.016931971535087
      }
    },
    "053d7c":{
      "lock":false,
      "position":{
        "x":32.985298156738,
        "y":1.3293956518173,
        "z":-75.008438110352
      },
      "rotation":{
        "x":0.02073809877038,
        "y":270.00033569336,
        "z":0.016705384477973
      }
    },
    "0c5d69":{
      "lock":false,
      "position":{
        "x":32.985298156738,
        "y":1.3361268043518,
        "z":-52.009540557861
      },
      "rotation":{
        "x":0.020817127078772,
        "y":269.98291015625,
        "z":0.016709338873625
      }
    },
    "18f3be":{
      "lock":false,
      "position":{
        "x":36.62382888794,
        "y":1.3812335729599,
        "z":-79.608428955078
      },
      "rotation":{
        "x":358.44647216797,
        "y":269.9794921875,
        "z":0.01688520424068
      }
    },
    "282d25":{
      "lock":false,
      "position":{
        "x":40.290054321289,
        "y":1.390280008316,
        "z":-52.019973754883
      },
      "rotation":{
        "x":358.45764160156,
        "y":269.97885131836,
        "z":0.01680408231914
      }
    },
    "2b14a7":{
      "lock":false,
      "position":{
        "x":36.624359130859,
        "y":1.3893322944641,
        "z":-52.008407592773
      },
      "rotation":{
        "x":358.44607543945,
        "y":269.98236083984,
        "z":0.016805617138743
      }
    },
    "2b16af":{
      "lock":false,
      "position":{
        "x":36.624568939209,
        "y":1.3866262435913,
        "z":-61.208393096924
      },
      "rotation":{
        "x":358.44778442383,
        "y":269.96246337891,
        "z":0.016915835440159
      }
    },
    "31a48f":{
      "lock":false,
      "position":{
        "x":32.984992980957,
        "y":1.333433508873,
        "z":-61.208393096924
      },
      "rotation":{
        "x":0.019865129143,
        "y":269.97961425781,
        "z":0.016564443707466
      }
    },
    "325a77":{
      "lock":false,
      "position":{
        "x":36.624359130859,
        "y":1.3334094285965,
        "z":-65.808280944824
      },
      "rotation":{
        "x":0.020826708525419,
        "y":269.98318481445,
        "z":0.016718897968531
      }
    },
    "42c201":{
      "lock":false,
      "position":{
        "x":32.983749389648,
        "y":1.439369559288,
        "z":-47.409664154053
      },
      "rotation":{
        "x":0.076802551746368,
        "y":269.8291015625,
        "z":0.012432990595698
      }
    },
    "50a644":{
      "lock":false,
      "position":{
        "x":36.62427520752,
        "y":1.3825931549072,
        "z":-75.008483886719
      },
      "rotation":{
        "x":358.44622802734,
        "y":269.98846435547,
        "z":0.016809029504657
      }
    },
    "680ebc":{
      "lock":false,
      "position":{
        "x":40.290042877197,
        "y":1.3401172161102,
        "z":-47.419967651367
      },
      "rotation":{
        "x":0.021075256168842,
        "y":270.01531982422,
        "z":0.016524337232113
      }
    },
    "92bec7":{
      "lock":false,
      "position":{
        "x":40.292633056641,
        "y":1.3821851015091,
        "z":-79.619934082031
      },
      "rotation":{
        "x":358.45877075195,
        "y":270.00042724609,
        "z":0.016354456543922
      }
    },
    "9dcd0b":{
      "lock":false,
      "position":{
        "x":40.29008102417,
        "y":1.3374315500259,
        "z":-56.619983673096
      },
      "rotation":{
        "x":0.020814694464207,
        "y":269.98080444336,
        "z":0.016764564439654
      }
    },
    "ac1189":{
      "lock":false,
      "position":{
        "x":40.289924621582,
        "y":1.387619137764,
        "z":-61.219753265381
      },
      "rotation":{
        "x":358.45693969727,
        "y":269.99444580078,
        "z":0.01697463914752
      }
    },
    "c9e359":{
      "lock":false,
      "position":{
        "x":32.983982086182,
        "y":1.3280485868454,
        "z":-79.6083984375
      },
      "rotation":{
        "x":0.020102631300688,
        "y":269.98001098633,
        "z":0.01671146787703
      }
    },
    "caf51e":{
      "lock":false,
      "position":{
        "x":40.289730072021,
        "y":1.3835601806641,
        "z":-75.020050048828
      },
      "rotation":{
        "x":358.45727539062,
        "y":269.98840332031,
        "z":0.016806647181511
      }
    },
    "cfbb3a":{
      "lock":false,
      "position":{
        "x":29.338033676148,
        "y":1.3361604213715,
        "z":-47.4108543396
      },
      "rotation":{
        "x":0.018603350967169,
        "y":269.83801269531,
        "z":0.016821194440126
      }
    },
    "d0c65d":{
      "lock":false,
      "position":{
        "x":36.623458862305,
        "y":1.3902816772461,
        "z":-47.408348083496
      },
      "rotation":{
        "x":1.5832308530807,
        "y":269.98458862305,
        "z":0.016656598076224
      }
    },
    "d30cd9":{
      "lock":false,
      "position":{
        "x":40.290069580078,
        "y":1.3333920240402,
        "z":-70.419845581055
      },
      "rotation":{
        "x":0.020810892805457,
        "y":269.99282836914,
        "z":0.016768373548984
      }
    },
    "deb491":{
      "lock":false,
      "position":{
        "x":40.290058135986,
        "y":1.3862421512604,
        "z":-65.819839477539
      },
      "rotation":{
        "x":358.45755004883,
        "y":269.97741699219,
        "z":0.016784120351076
      }
    },
    "f85e49":{
      "lock":false,
      "position":{
        "x":25.516220092773,
        "y":1.3347542285919,
        "z":-47.435970306396
      },
      "rotation":{
        "x":0.02083470672369,
        "y":269.91217041016,
        "z":0.016739251092076
      }
    },
    "fdc988":{
      "lock":false,
      "position":{
        "x":36.621364593506,
        "y":1.328026175499,
        "z":-84.198829650879
      },
      "rotation":{
        "x":0.020108159631491,
        "y":269.92956542969,
        "z":0.01691191829741
      }
    }
  }
}