{
  "ml":{
    "03efce":{
      "lock":false,
      "position":{
        "x":40.29174041748,
        "y":1.3347393274307,
        "z":-65.819892883301
      },
      "rotation":{
        "x":0.020811393857002,
        "y":269.97930908203,
        "z":0.016780711710453
      }
    },
    "0b7844":{
      "lock":false,
      "position":{
        "x":36.624340057373,
        "y":1.2472784519196,
        "z":-65.808296203613
      },
      "rotation":{
        "x":0.020821338519454,
        "y":269.96160888672,
        "z":0.016757059842348
      }
    },
    "0e1a24":{
      "lock":false,
      "position":{
        "x":40.290058135986,
        "y":1.302596449852,
        "z":-70.419853210449
      },
      "rotation":{
        "x":0.020798167213798,
        "y":270.0368347168,
        "z":0.016784299165011
      }
    },
    "64ef6f":{
      "lock":false,
      "position":{
        "x":40.290073394775,
        "y":1.330695271492,
        "z":-79.61988067627
      },
      "rotation":{
        "x":0.020846534520388,
        "y":269.97106933594,
        "z":0.016609201207757
      }
    },
    "698ba7":{
      "lock":false,
      "position":{
        "x":32.98505783081,
        "y":1.3768062591553,
        "z":-79.608390808105
      },
      "rotation":{
        "x":1.5965639352798,
        "y":269.97125244141,
        "z":0.016801638528705
      }
    },
    "6eaeea":{
      "lock":false,
      "position":{
        "x":40.290069580078,
        "y":1.3360860347748,
        "z":-61.219989776611
      },
      "rotation":{
        "x":0.020801087841392,
        "y":269.99032592773,
        "z":0.016809191554785
      }
    },
    "752c9c":{
      "lock":false,
      "position":{
        "x":36.62585067749,
        "y":1.2660981416702,
        "z":-75.00821685791
      },
      "rotation":{
        "x":0.020746599882841,
        "y":270.03826904297,
        "z":0.016886772587895
      }
    },
    "868e4d":{
      "lock":false,
      "position":{
        "x":36.62378692627,
        "y":1.3902842998505,
        "z":-47.40816116333
      },
      "rotation":{
        "x":1.5836268663406,
        "y":269.98394775391,
        "z":0.016801105812192
      }
    },
    "940388":{
      "lock":false,
      "position":{
        "x":40.304061889648,
        "y":1.3374390602112,
        "z":-56.61145401001
      },
      "rotation":{
        "x":0.020899949595332,
        "y":269.68798828125,
        "z":0.01665748655796
      }
    },
    "b23c0a":{
      "lock":false,
      "position":{
        "x":36.623867034912,
        "y":1.3862482309341,
        "z":-61.208198547363
      },
      "rotation":{
        "x":1.5836576223373,
        "y":270.04937744141,
        "z":0.016878401860595
      }
    },
    "c05b71":{
      "lock":false,
      "position":{
        "x":36.624359130859,
        "y":1.3808672428131,
        "z":-79.608268737793
      },
      "rotation":{
        "x":1.5839059352875,
        "y":269.96142578125,
        "z":0.01676950789988
      }
    },
    "d5b33e":{
      "lock":false,
      "position":{
        "x":40.290019989014,
        "y":1.3387780189514,
        "z":-52.019973754883
      },
      "rotation":{
        "x":0.020813092589378,
        "y":269.98559570312,
        "z":0.016765683889389
      }
    },
    "dedc73":{
      "lock":false,
      "position":{
        "x":40.290111541748,
        "y":1.3401247262955,
        "z":-47.410892486572
      },
      "rotation":{
        "x":0.02083452232182,
        "y":269.97229003906,
        "z":0.016668442636728
      }
    },
    "ef2f78":{
      "lock":false,
      "position":{
        "x":40.291160583496,
        "y":1.3739629983902,
        "z":-75.019989013672
      },
      "rotation":{
        "x":358.45736694336,
        "y":269.97860717773,
        "z":0.016852715983987
      }
    }
  }
}