{
  "ml":{
    "14808b":{
      "lock":false,
      "pos":{
        "x":3.4186904430389,
        "y":1.2843754291534,
        "z":-24.904071807861
      },
      "rot":{
        "x":0.079964950680733,
        "y":89.999542236328,
        "z":359.98309326172
      }
    },
    "2ea2a2":{
      "lock":false,
      "pos":{
        "x":3.4625627994537,
        "y":1.2856125831604,
        "z":-20.496311187744
      },
      "rot":{
        "x":0.079964950680733,
        "y":89.999061584473,
        "z":359.98309326172
      }
    },
    "76b476":{
      "lock":false,
      "pos":{
        "x":3.3650166988373,
        "y":1.2831256389618,
        "z":-29.400981903076
      },
      "rot":{
        "x":0.079962722957134,
        "y":89.996765136719,
        "z":359.98306274414
      }
    },
    "79b534":{
      "lock":false,
      "pos":{
        "x":-1.1438646316528,
        "y":1.2920072078705,
        "z":-20.585847854614
      },
      "rot":{
        "x":0.079969331622124,
        "y":90.000015258789,
        "z":359.98309326172
      }
    },
    "c352ac":{
      "lock":false,
      "pos":{
        "x":-1.2276954650879,
        "y":1.2895083427429,
        "z":-29.470319747925
      },
      "rot":{
        "x":0.079966977238655,
        "y":89.999488830566,
        "z":359.98309326172
      }
    },
    "c7c4c1":{
      "lock":false,
      "pos":{
        "x":-1.0372562408447,
        "y":1.2906345129013,
        "z":-24.744146347046
      },
      "rot":{
        "x":0.079962931573391,
        "y":89.999252319336,
        "z":359.98309326172
      }
    },
    "cd5dde":{
      "lock":false,
      "pos":{
        "x":-10.08767414093,
        "y":1.4878433942795,
        "z":-26.249349594116
      },
      "rot":{
        "x":359.92013549805,
        "y":270.00012207031,
        "z":0.016872052103281
      }
    },
    "f4dcee":{
      "lock":false,
      "pos":{
        "x":-3.7547008991241,
        "y":1.5823454856873,
        "z":-14.889403343201
      },
      "rot":{
        "x":359.91973876953,
        "y":270.0036315918,
        "z":0.016832776367664
      }
    }
  }
}