{
  "ml":{
    "03b860":{
      "lock":false,
      "position":{
        "x":36.575008392334,
        "y":1.333395242691,
        "z":-65.799995422363
      },
      "rotation":{
        "x":0.020808523520827,
        "y":270.00106811523,
        "z":0.016771290451288
      }
    },
    "1d1397":{
      "lock":false,
      "position":{
        "x":40.425006866455,
        "y":1.3387274742127,
        "z":-52.359996795654
      },
      "rotation":{
        "x":0.020814007148147,
        "y":269.98272705078,
        "z":0.016764830797911
      }
    },
    "37ff1a":{
      "lock":false,
      "position":{
        "x":36.572052001953,
        "y":1.338639497757,
        "z":-47.88007736206
      },
      "rotation":{
        "x":0.020811321213841,
        "y":269.99200439453,
        "z":0.016768120229244
      }
    },
    "6f0cc7":{
      "lock":false,
      "position":{
        "x":40.425006866455,
        "y":1.3347933292389,
        "z":-65.799995422363
      },
      "rotation":{
        "x":0.020808938890696,
        "y":269.99948120117,
        "z":0.016770986840129
      }
    },
    "704a25":{
      "lock":false,
      "position":{
        "x":40.425006866455,
        "y":1.3334819078445,
        "z":-70.279991149902
      },
      "rotation":{
        "x":0.020808083936572,
        "y":270.00347900391,
        "z":0.016772275790572
      }
    },
    "7a68b3":{
      "lock":false,
      "position":{
        "x":36.575008392334,
        "y":1.3320838212967,
        "z":-70.279991149902
      },
      "rotation":{
        "x":0.02080755867064,
        "y":270.00442504883,
        "z":0.016772519797087
      }
    },
    "7ab1bc":{
      "lock":false,
      "position":{
        "x":32.72501373291,
        "y":1.3372423648834,
        "z":-47.879989624023
      },
      "rotation":{
        "x":0.020802242681384,
        "y":270.0224609375,
        "z":0.01677905395627
      }
    },
    "bef931":{
      "lock":false,
      "position":{
        "x":40.425006866455,
        "y":1.3374160528183,
        "z":-56.839992523193
      },
      "rotation":{
        "x":0.02081317640841,
        "y":269.98553466797,
        "z":0.016765685752034
      }
    },
    "e75ebc":{
      "lock":false,
      "position":{
        "x":40.425006866455,
        "y":1.3361046314239,
        "z":-61.31999206543
      },
      "rotation":{
        "x":0.020808450877667,
        "y":270.00128173828,
        "z":0.016771588474512
      }
    },
    "f4a462":{
      "lock":false,
      "position":{
        "x":40.425006866455,
        "y":1.340038895607,
        "z":-47.879993438721
      },
      "rotation":{
        "x":0.020810583606362,
        "y":269.99395751953,
        "z":0.016768734902143
      }
    }
  }
}