{
  "ml":{
    "446a90":{
      "lock":false,
      "pos":{
        "x":0.7985600233078,
        "y":1.4734991788864,
        "z":-23.423095703125
      },
      "rot":{
        "x":359.92010498047,
        "y":270.0251159668,
        "z":0.016837341710925
      }
    },
    "578bcb":{
      "lock":false,
      "pos":{
        "x":-10.505300521851,
        "y":1.4873150587082,
        "z":-30.019805908203
      },
      "rot":{
        "x":359.92013549805,
        "y":269.99981689453,
        "z":0.016874600201845
      }
    },
    "82e1ed":{
      "lock":false,
      "pos":{
        "x":-3.7965004444122,
        "y":1.5822420120239,
        "z":-15.441301345825
      },
      "rot":{
        "x":359.91973876953,
        "y":269.99447631836,
        "z":0.016845712438226
      }
    },
    "9ff406":{
      "lock":false,
      "pos":{
        "x":-10.434302330017,
        "y":1.489306807518,
        "z":-22.919603347778
      },
      "rot":{
        "x":359.92013549805,
        "y":269.99758911133,
        "z":0.016876496374607
      }
    }
  }
}