{
  "ml":{
    "125ce8":{
      "lock":false,
      "pos":{
        "x":0.64809983968735,
        "y":1.4868116378784,
        "z":21.074003219604
      },
      "rot":{
        "x":359.92013549805,
        "y":270.00286865234,
        "z":0.016868991777301
      }
    },
    "1536e7":{
      "lock":false,
      "pos":{
        "x":12.250304222107,
        "y":1.4632767438889,
        "z":-3.9199011325836
      },
      "rot":{
        "x":359.92013549805,
        "y":269.99737548828,
        "z":0.01687765866518
      }
    },
    "175a29":{
      "lock":false,
      "pos":{
        "x":12.250401496887,
        "y":1.4581571817398,
        "z":-21.305299758911
      },
      "rot":{
        "x":359.92010498047,
        "y":270.0168762207,
        "z":0.016850335523486
      }
    },
    "1fca6b":{
      "lock":false,
      "pos":{
        "x":12.250401496887,
        "y":1.4555809497833,
        "z":-30.054901123047
      },
      "rot":{
        "x":359.92010498047,
        "y":270.02508544922,
        "z":0.01683902554214
      }
    },
    "3f6ab6":{
      "lock":false,
      "pos":{
        "x":-1.4654446840286,
        "y":1.4756224155426,
        "z":-26.930423736572
      },
      "rot":{
        "x":359.92013549805,
        "y":269.99212646484,
        "z":0.016882244497538
      }
    },
    "61f17f":{
      "lock":false,
      "pos":{
        "x":0.27000048756599,
        "y":1.4896069765091,
        "z":28.777002334595
      },
      "rot":{
        "x":359.92010498047,
        "y":270.01321411133,
        "z":0.016853526234627
      }
    },
    "87897a":{
      "lock":false,
      "pos":{
        "x":12.250503540039,
        "y":1.4683877229691,
        "z":13.4375
      },
      "rot":{
        "x":359.92013549805,
        "y":269.99957275391,
        "z":0.016874572262168
      }
    },
    "a82dde":{
      "lock":false,
      "pos":{
        "x":12.250302314758,
        "y":1.4607013463974,
        "z":-12.666101455688
      },
      "rot":{
        "x":359.92013549805,
        "y":270.00750732422,
        "z":0.016863867640495
      }
    },
    "b713e7":{
      "lock":false,
      "pos":{
        "x":-1.3494,
        "y":1.4754,
        "z":-27.0534
      },
      "rot":{
        "x":359.9201,
        "y":270.0005,
        "z":0.0169
      }
    },
    "d33f7e":{
      "lock":false,
      "pos":{
        "x":12.252100944519,
        "y":1.4735057353973,
        "z":30.826404571533
      },
      "rot":{
        "x":359.92013549805,
        "y":270.00442504883,
        "z":0.016867814585566
      }
    },
    "d92b86":{
      "lock":false,
      "pos":{
        "x":12.250303268433,
        "y":1.4658113718033,
        "z":4.6876997947693
      },
      "rot":{
        "x":359.92013549805,
        "y":270.00317382812,
        "z":0.016869768500328
      }
    },
    "f52082":{
      "lock":false,
      "pos":{
        "x":12.250902175903,
        "y":1.4709310531616,
        "z":22.076803207398
      },
      "rot":{
        "x":359.92013549805,
        "y":270.00021362305,
        "z":0.016873151063919
      }
    }
  }
}