{
  "ml":{
    "0998ec":{
      "lock":false,
      "pos":{
        "x":1.7110515832901,
        "y":1.5582871437073,
        "z":14.245715141296
      },
      "rot":{
        "x":359.95556640625,
        "y":224.63125610352,
        "z":0.068957075476646
      }
    },
    "0f3a96":{
      "lock":false,
      "pos":{
        "x":-34.231601715088,
        "y":1.6326253414154,
        "z":11.693305969238
      },
      "rot":{
        "x":359.95541381836,
        "y":224.99975585938,
        "z":0.068381674587727
      }
    },
    "1a4948":{
      "lock":false,
      "pos":{
        "x":-3.4713640213013,
        "y":1.5818454027176,
        "z":-15.24128818512
      },
      "rot":{
        "x":359.91973876953,
        "y":269.99685668945,
        "z":0.016842771321535
      }
    },
    "2c6d3b":{
      "lock":false,
      "pos":{
        "x":-30.224199295044,
        "y":1.6416698694229,
        "z":15.189998626709
      },
      "rot":{
        "x":359.92010498047,
        "y":269.99978637695,
        "z":0.016839990392327
      }
    },
    "3359db":{
      "lock":false,
      "pos":{
        "x":-32.896301269531,
        "y":1.6240410804748,
        "z":-11.180504798889
      },
      "rot":{
        "x":359.93157958984,
        "y":314.99996948242,
        "z":359.95541381836
      }
    },
    "392d3e":{
      "lock":false,
      "pos":{
        "x":-36.773101806641,
        "y":1.6485624313355,
        "z":7.5699977874756
      },
      "rot":{
        "x":359.92010498047,
        "y":269.99771118164,
        "z":0.01684283092618
      }
    },
    "3a4050":{
      "lock":false,
      "pos":{
        "x":-27.228099822998,
        "y":1.6227684020996,
        "z":11.382502555847
      },
      "rot":{
        "x":359.93157958984,
        "y":315.00006103516,
        "z":359.95541381836
      }
    },
    "3b60c1":{
      "lock":false,
      "pos":{
        "x":-30.224300384521,
        "y":1.6258256435394,
        "z":7.5699996948242
      },
      "rot":{
        "x":359.92010498047,
        "y":270.00912475586,
        "z":0.016857074573636
      }
    },
    "3c63bd":{
      "lock":false,
      "pos":{
        "x":-23.676530838013,
        "y":1.6280665397644,
        "z":-0.030052743852138
      },
      "rot":{
        "x":359.92010498047,
        "y":269.99993896484,
        "z":0.016839560121298
      }
    },
    "4f701e":{
      "lock":false,
      "pos":{
        "x":-2.7247312068939,
        "y":1.6159464120865,
        "z":0.37345391511917
      },
      "rot":{
        "x":0.016831010580063,
        "y":180.00347900391,
        "z":0.080256581306458
      }
    },
    "62791a":{
      "lock":false,
      "pos":{
        "x":-27.000999450684,
        "y":1.6201823949814,
        "z":3.6619031429291
      },
      "rot":{
        "x":359.95541381836,
        "y":224.99996948242,
        "z":0.068381004035473
      }
    },
    "7234af":{
      "lock":false,
      "pos":{
        "x":-33.427700042725,
        "y":1.6269353628159,
        "z":-3.853199005127
      },
      "rot":{
        "x":359.95541381836,
        "y":224.99659729004,
        "z":0.068383134901524
      }
    },
    "7563ec":{
      "lock":false,
      "pos":{
        "x":-3.9277341365814,
        "y":1.7299364805222,
        "z":5.7571530342102
      },
      "rot":{
        "x":359.91973876953,
        "y":269.99996948242,
        "z":180.01681518555
      }
    },
    "7f7fb0":{
      "lock":false,
      "pos":{
        "x":-1.4655393362045,
        "y":1.4756225347519,
        "z":-26.930406570435
      },
      "rot":{
        "x":359.92013549805,
        "y":269.99642944336,
        "z":0.016877172514796
      }
    },
    "8984ad":{
      "lock":false,
      "pos":{
        "x":-23.676797866821,
        "y":1.6258127689362,
        "z":-7.7000012397766
      },
      "rot":{
        "x":359.92010498047,
        "y":270.01928710938,
        "z":0.016812674701214
      }
    },
    "917f3e":{
      "lock":false,
      "pos":{
        "x":-12.063003540039,
        "y":1.6360814571381,
        "z":8.2767963409424
      },
      "rot":{
        "x":359.92010498047,
        "y":269.99996948242,
        "z":180.01683044434
      }
    },
    "91be46":{
      "lock":false,
      "pos":{
        "x":-2.6885576248169,
        "y":1.5973488092423,
        "z":-5.0485248565674
      },
      "rot":{
        "x":0.016831576824188,
        "y":180.00299072266,
        "z":0.080256387591362
      }
    },
    "9c140b":{
      "lock":false,
      "pos":{
        "x":-26.767599105835,
        "y":1.6176577806473,
        "z":-3.8214011192322
      },
      "rot":{
        "x":359.93157958984,
        "y":314.97790527344,
        "z":359.95544433594
      }
    },
    "9c6651":{
      "lock":false,
      "pos":{
        "x":-30.223474502564,
        "y":1.6213361024857,
        "z":-7.7040390968323
      },
      "rot":{
        "x":359.9201965332,
        "y":270.01504516602,
        "z":0.016550062224269
      }
    },
    "b6b9b7":{
      "lock":false,
      "pos":{
        "x":-36.77320098877,
        "y":1.6440749168396,
        "z":-7.7000050544739
      },
      "rot":{
        "x":359.92010498047,
        "y":269.99981689453,
        "z":0.016839887946844
      }
    },
    "c150be":{
      "lock":false,
      "pos":{
        "x":-23.676498413086,
        "y":1.6303000450134,
        "z":7.5699968338013
      },
      "rot":{
        "x":359.92010498047,
        "y":269.9997253418,
        "z":0.01684002019465
      }
    },
    "cf00ee":{
      "lock":false,
      "pos":{
        "x":-12.010589599609,
        "y":1.680523276329,
        "z":12.320546150207
      },
      "rot":{
        "x":359.92010498047,
        "y":270.00006103516,
        "z":180.01683044434
      }
    },
    "d28cd1":{
      "lock":false,
      "pos":{
        "x":-30.224199295044,
        "y":1.6371968984604,
        "z":-0.030001213774085
      },
      "rot":{
        "x":359.92010498047,
        "y":269.99975585938,
        "z":0.01683995500207
      }
    },
    "d5f792":{
      "lock":false,
      "pos":{
        "x":-33.255100250244,
        "y":1.6289047002792,
        "z":3.6656017303467
      },
      "rot":{
        "x":359.93157958984,
        "y":315.00009155273,
        "z":359.95541381836
      }
    },
    "d9882d":{
      "lock":false,
      "pos":{
        "x":-27.010999679565,
        "y":1.6156607866287,
        "z":-11.771003723144
      },
      "rot":{
        "x":359.95541381836,
        "y":225,
        "z":0.068376563489437
      }
    },
    "e86553":{
      "lock":false,
      "pos":{
        "x":-3.955979347229,
        "y":1.5975394248962,
        "z":-10.441153526306
      },
      "rot":{
        "x":359.91973876953,
        "y":269.99322509766,
        "z":0.01684750802815
      }
    },
    "e8fcf0":{
      "lock":false,
      "pos":{
        "x":-30.224300384521,
        "y":1.6327151060104,
        "z":-15.279999732971
      },
      "rot":{
        "x":359.92010498047,
        "y":269.99990844727,
        "z":0.016839740797877
      }
    }
  }
}