{
  "ml":{
    "05e6aa":{
      "lock":false,
      "pos":{
        "x":3.2076,
        "y":1.5459,
        "z":-36.0018
      },
      "rot":{
        "x":359.9201,
        "y":269.9973,
        "z":0.0169
      }
    },
    "065ce1":{
      "lock":false,
      "pos":{
        "x":12.250301361084,
        "y":1.4726721048355,
        "z":27.986404418945
      },
      "rot":{
        "x":359.92010498047,
        "y":270.06701660156,
        "z":0.016780145466328
      }
    },
    "0ec59f":{
      "lock":false,
      "pos":{
        "x":12.252102851868,
        "y":1.4679582118988,
        "z":11.986488342285
      },
      "rot":{
        "x":359.92010498047,
        "y":270.02679443359,
        "z":0.016836497932673
      }
    },
    "11f5c8":{
      "lock":false,
      "pos":{
        "x":12.249898910523,
        "y":1.4703172445297,
        "z":19.986501693726
      },
      "rot":{
        "x":359.92010498047,
        "y":270.01983642578,
        "z":0.016846109181643
      }
    },
    "267216":{
      "lock":false,
      "pos":{
        "x":0.27003008127213,
        "y":1.4896070957184,
        "z":28.777072906494
      },
      "rot":{
        "x":359.92013549805,
        "y":270.00350952148,
        "z":0.016867214813828
      }
    },
    "2bfe00":{
      "lock":false,
      "pos":{
        "x":12.24998664856,
        "y":1.4656053781509,
        "z":3.986191034317
      },
      "rot":{
        "x":359.92010498047,
        "y":270.02505493164,
        "z":0.016838956624269
      }
    },
    "3170ce":{
      "lock":false,
      "pos":{
        "x":12.246856689453,
        "y":1.4608976840973,
        "z":-12.015931129456
      },
      "rot":{
        "x":359.92013549805,
        "y":269.95587158203,
        "z":0.016935430467129
      }
    },
    "48b154":{
      "lock":false,
      "pos":{
        "x":-1.3534988164902,
        "y":1.4755625724793,
        "z":-26.60320854187
      },
      "rot":{
        "x":359.92013549805,
        "y":270.00204467773,
        "z":0.0168686080724
      }
    },
    "528eda":{
      "lock":false,
      "pos":{
        "x":3.2243275642395,
        "y":1.5549011230469,
        "z":-35.455589294434
      },
      "rot":{
        "x":359.92010498047,
        "y":270.02743530273,
        "z":180.01681518555
      }
    },
    "5b2403":{
      "lock":false,
      "pos":{
        "x":12.249617576599,
        "y":1.463250041008,
        "z":-4.0136075019836
      },
      "rot":{
        "x":359.92013549805,
        "y":270.00268554688,
        "z":0.016869587823749
      }
    },
    "737c5d":{
      "lock":false,
      "pos":{
        "x":12.249603271484,
        "y":1.4561829566956,
        "z":-28.013704299927
      },
      "rot":{
        "x":359.92013549805,
        "y":270.00247192383,
        "z":0.016869772225618
      }
    },
    "85286a":{
      "lock":false,
      "pos":{
        "x":12.25050163269,
        "y":1.4585373401642,
        "z":-20.013704299927
      },
      "rot":{
        "x":359.92010498047,
        "y":270.00988769531,
        "z":0.016860635951161
      }
    },
    "c52079":{
      "lock":false,
      "pos":{
        "x":12.250400543213,
        "y":1.4538261890411,
        "z":-36.013805389404
      },
      "rot":{
        "x":359.92013549805,
        "y":270.0046081543,
        "z":0.016867177560926
      }
    },
    "d14543":{
      "lock":false,
      "pos":{
        "x":2.7712032794952,
        "y":1.3033850193024,
        "z":36.586555480957
      },
      "rot":{
        "x":0.079963482916355,
        "y":89.999725341797,
        "z":359.98309326172
      }
    },
    "e90956":{
      "lock":false,
      "pos":{
        "x":12.249402999878,
        "y":1.4750289916992,
        "z":35.986400604248
      },
      "rot":{
        "x":359.92010498047,
        "y":270.10321044922,
        "z":0.016729988157749
      }
    }
  }
}