{
  "ml":{
    "0fad66":{
      "lock":false,
      "pos":{
        "x":12.250002861023,
        "y":1.4607017040253,
        "z":-12.666301727295
      },
      "rot":{
        "x":359.92010498047,
        "y":270.01306152344,
        "z":0.016855750232935
      }
    },
    "16ceab":{
      "lock":false,
      "pos":{
        "x":12.250803947449,
        "y":1.4683873653412,
        "z":13.4375
      },
      "rot":{
        "x":359.92013549805,
        "y":269.99774169922,
        "z":0.016876878216863
      }
    },
    "34b55b":{
      "lock":false,
      "pos":{
        "x":12.250156402588,
        "y":1.5403165817261,
        "z":19.986349105835
      },
      "rot":{
        "x":0.079878084361553,
        "y":90.000007629395,
        "z":359.9831237793
      }
    },
    "49dfb9":{
      "lock":false,
      "pos":{
        "x":12.250802993774,
        "y":1.4632757902145,
        "z":-3.9202015399933
      },
      "rot":{
        "x":359.92013549805,
        "y":269.99426269531,
        "z":0.016882168129087
      }
    },
    "4f944f":{
      "lock":false,
      "pos":{
        "x":12.250303268433,
        "y":1.4658114910126,
        "z":4.6876997947693
      },
      "rot":{
        "x":359.92013549805,
        "y":270.00466918945,
        "z":0.016867009922862
      }
    },
    "82e1ed":{
      "lock":false,
      "pos":{
        "x":-4.5533003807068,
        "y":1.5834904909134,
        "z":-14.800204277039
      },
      "rot":{
        "x":359.91973876953,
        "y":270,
        "z":0.016837829723954
      }
    },
    "d5b604":{
      "lock":false,
      "pos":{
        "x":12.25050163269,
        "y":1.2731220722198,
        "z":-21.305200576782
      },
      "rot":{
        "x":359.95541381836,
        "y":225.00074768066,
        "z":0.068469367921352
      }
    }
  }
}