{
  "ml":{
    "0ff3f1":{
      "lock":false,
      "pos":{
        "x":3.1332,
        "y":1.5547,
        "z":-36.5863
      },
      "rot":{
        "x":359.9201,
        "y":270.0008,
        "z":180.0169
      }
    },
    "110ce2":{
      "lock":false,
      "pos":{
        "x":12.250103950501,
        "y":1.4726723432541,
        "z":27.986413955689
      },
      "rot":{
        "x":359.92010498047,
        "y":270.02032470703,
        "z":0.016845487058163
      }
    },
    "166b95":{
      "lock":false,
      "pos":{
        "x":-6.0905866622925,
        "y":1.5823305845261,
        "z":-35.45092010498
      },
      "rot":{
        "x":359.92010498047,
        "y":269.99975585938,
        "z":180.01686096191
      }
    },
    "3ccabf":{
      "lock":false,
      "pos":{
        "x":12.249305725098,
        "y":1.4632506370544,
        "z":-4.0137004852295
      },
      "rot":{
        "x":359.92013549805,
        "y":270.00225830078,
        "z":0.016870845109224
      }
    },
    "3d53bb":{
      "lock":false,
      "pos":{
        "x":-1.4657,
        "y":1.4756,
        "z":-26.9301
      },
      "rot":{
        "x":359.9201,
        "y":270.0005,
        "z":0.0169
      }
    },
    "48b154":{
      "lock":false,
      "pos":{
        "x":-1.4655052423477,
        "y":1.4756222963333,
        "z":-26.930418014526
      },
      "rot":{
        "x":359.92013549805,
        "y":270.00210571289,
        "z":0.016868758946657
      }
    },
    "496395":{
      "lock":false,
      "pos":{
        "x":12.250203132629,
        "y":1.4538261890411,
        "z":-36.013813018799
      },
      "rot":{
        "x":359.92013549805,
        "y":270.0046081543,
        "z":0.016867393627763
      }
    },
    "499940":{
      "lock":false,
      "pos":{
        "x":12.249903678894,
        "y":1.4703168869019,
        "z":19.98641204834
      },
      "rot":{
        "x":359.92013549805,
        "y":269.99978637695,
        "z":0.016873998567462
      }
    },
    "5abc8f":{
      "lock":false,
      "pos":{
        "x":12.249709129333,
        "y":1.4656058549881,
        "z":3.9863984584808
      },
      "rot":{
        "x":359.92010498047,
        "y":270.01870727539,
        "z":0.016847932711244
      }
    },
    "5e83e7":{
      "lock":false,
      "pos":{
        "x":12.249308586121,
        "y":1.4561834335327,
        "z":-28.013711929321
      },
      "rot":{
        "x":359.92013549805,
        "y":270.00238037109,
        "z":0.016869546845555
      }
    },
    "6f00c3":{
      "lock":false,
      "pos":{
        "x":2.5503787994385,
        "y":1.570041179657,
        "z":-36.276058197021
      },
      "rot":{
        "x":359.92013549805,
        "y":270.00006103516,
        "z":180.01686096191
      }
    },
    "80b8ca":{
      "lock":false,
      "pos":{
        "x":0.27000045776367,
        "y":1.4896070957184,
        "z":28.777011871338
      },
      "rot":{
        "x":359.92013549805,
        "y":269.99627685547,
        "z":0.01687727868557
      }
    },
    "85a0c2":{
      "lock":false,
      "pos":{
        "x":12.249200820923,
        "y":1.4750293493271,
        "z":35.986400604248
      },
      "rot":{
        "x":359.92013549805,
        "y":270,
        "z":0.016874700784683
      }
    },
    "9351c7":{
      "lock":false,
      "pos":{
        "x":0.31300130486488,
        "y":1.4873313903809,
        "z":21.253412246704
      },
      "rot":{
        "x":359.92013549805,
        "y":269.99584960938,
        "z":0.016879606992006
      }
    },
    "952af4":{
      "lock":false,
      "pos":{
        "x":12.251902580261,
        "y":1.4679583311081,
        "z":11.986402511597
      },
      "rot":{
        "x":359.92010498047,
        "y":270.01913452148,
        "z":0.016848240047693
      }
    },
    "9b89db":{
      "lock":false,
      "pos":{
        "x":3.2345,
        "y":1.5544,
        "z":-36.9717
      },
      "rot":{
        "x":359.9201,
        "y":269.9972,
        "z":0.0169
      }
    },
    "9c986e":{
      "lock":false,
      "pos":{
        "x":12.250205993652,
        "y":1.458537697792,
        "z":-20.013711929321
      },
      "rot":{
        "x":359.92010498047,
        "y":270.00988769531,
        "z":0.016859481111169
      }
    },
    "d14543":{
      "lock":false,
      "pos":{
        "x":2.0814626216888,
        "y":1.3044884204864,
        "z":37.06770324707
      },
      "rot":{
        "x":0.079962022602558,
        "y":90.000007629395,
        "z":359.9831237793
      }
    },
    "e73427":{
      "lock":false,
      "pos":{
        "x":12.249802589417,
        "y":1.4608939886093,
        "z":-12.013702392578
      },
      "rot":{
        "x":359.92013549805,
        "y":270.00659179688,
        "z":0.016864692792296
      }
    }
  }
}