{
  "ml":{
    "05e2c0":{
      "lock":false,
      "pos":{
        "x":-26.300184249878,
        "y":1.4735386371612,
        "z":-76.945640563965
      },
      "rot":{
        "x":0.020808326080441,
        "y":270.00140380859,
        "z":180.01676940918
      }
    },
    "09ad66":{
      "lock":false,
      "pos":{
        "x":-22.615743637085,
        "y":1.3086875677109,
        "z":-76.946029663086
      },
      "rot":{
        "x":0.020810235291719,
        "y":269.99542236328,
        "z":0.016769044101238
      }
    },
    "3212ba":{
      "lock":false,
      "pos":{
        "x":-22.71369934082,
        "y":1.3079888820648,
        "z":-79.211395263672
      },
      "rot":{
        "x":0.02080469019711,
        "y":270.01336669922,
        "z":0.016775986179709
      }
    },
    "4a4add":{
      "lock":false,
      "pos":{
        "x":-22.751844406128,
        "y":1.3149373531342,
        "z":-55.426200866699
      },
      "rot":{
        "x":0.020801112055778,
        "y":270.0251159668,
        "z":0.016780277714133
      }
    },
    "560bdb":{
      "lock":false,
      "pos":{
        "x":-22.616891860962,
        "y":1.3063827753067,
        "z":-84.818489074707
      },
      "rot":{
        "x":0.020811127498746,
        "y":269.99105834961,
        "z":0.01676775701344
      }
    },
    "598416":{
      "lock":false,
      "pos":{
        "x":-26.300008773804,
        "y":1.4804198741913,
        "z":-53.436851501465
      },
      "rot":{
        "x":0.020808225497603,
        "y":270.00061035156,
        "z":180.01676940918
      }
    },
    "60c34e":{
      "lock":false,
      "pos":{
        "x":-22.668619155884,
        "y":1.3092522621155,
        "z":-74.951377868652
      },
      "rot":{
        "x":0.020800448954105,
        "y":270.02758789062,
        "z":0.016781385987997
      }
    },
    "652771":{
      "lock":false,
      "pos":{
        "x":-22.616941452026,
        "y":1.3132841587067,
        "z":-61.241367340088
      },
      "rot":{
        "x":0.020811658352613,
        "y":269.99087524414,
        "z":0.01676750741899
      }
    },
    "6a79ce":{
      "lock":false,
      "pos":{
        "x":-22.760988235474,
        "y":1.316087603569,
        "z":-51.485214233398
      },
      "rot":{
        "x":0.020802531391382,
        "y":270.02020263672,
        "z":0.016778517514467
      }
    },
    "6a93db":{
      "lock":false,
      "pos":{
        "x":-19.300003051758,
        "y":1.3167735338211,
        "z":-53.435821533203
      },
      "rot":{
        "x":0.02080830745399,
        "y":270.00076293945,
        "z":0.016771478578448
      }
    },
    "701c64":{
      "lock":false,
      "pos":{
        "x":-26.300142288208,
        "y":1.5022058486939,
        "z":-61.240962982178
      },
      "rot":{
        "x":0.020818896591663,
        "y":269.96539306641,
        "z":180.01676940918
      }
    },
    "730956":{
      "lock":false,
      "pos":{
        "x":-19.300060272217,
        "y":1.3144911527634,
        "z":-61.233238220215
      },
      "rot":{
        "x":0.020808955654502,
        "y":269.99884033203,
        "z":0.016770811751485
      }
    },
    "805c5d":{
      "lock":false,
      "pos":{
        "x":-22.758909225464,
        "y":1.3069132566452,
        "z":-82.830101013184
      },
      "rot":{
        "x":0.020812429487705,
        "y":269.98706054688,
        "z":0.016766436398029
      }
    },
    "80c874":{
      "lock":false,
      "pos":{
        "x":-22.539054870606,
        "y":1.3138879537582,
        "z":-59.275199890137
      },
      "rot":{
        "x":0.020814875140786,
        "y":269.97808837891,
        "z":0.016763200983405
      }
    },
    "8782a0":{
      "lock":false,
      "pos":{
        "x":-22.72890663147,
        "y":1.3103520870209,
        "z":-71.119102478027
      },
      "rot":{
        "x":0.020804606378078,
        "y":270.01336669922,
        "z":0.016776006668806
      }
    },
    "8903f5":{
      "lock":false,
      "pos":{
        "x":-22.756052017212,
        "y":1.3115557432175,
        "z":-66.973625183105
      },
      "rot":{
        "x":0.020808711647987,
        "y":269.9987487793,
        "z":0.016770824790001
      }
    },
    "a0221f":{
      "lock":false,
      "pos":{
        "x":-26.300188064575,
        "y":1.4758466482163,
        "z":-69.060585021973
      },
      "rot":{
        "x":0.020817425101995,
        "y":269.96896362305,
        "z":180.01676940918
      }
    },
    "a98e88":{
      "lock":false,
      "pos":{
        "x":-22.602849960327,
        "y":1.3126857280731,
        "z":-63.302974700928
      },
      "rot":{
        "x":0.02080026268959,
        "y":270.02813720703,
        "z":0.016781413927674
      }
    },
    "ad33a4":{
      "lock":false,
      "pos":{
        "x":-22.61568069458,
        "y":1.3109914064407,
        "z":-69.075607299805
      },
      "rot":{
        "x":0.020808132365346,
        "y":270.00216674805,
        "z":0.016771970316768
      }
    },
    "be922f":{
      "lock":false,
      "pos":{
        "x":-22.791501998901,
        "y":1.3056626319885,
        "z":-87.062377929688
      },
      "rot":{
        "x":0.020800415426493,
        "y":270.02709960938,
        "z":0.016780929639936
      }
    },
    "beae03":{
      "lock":false,
      "pos":{
        "x":-22.613883972168,
        "y":1.3155694007873,
        "z":-53.438110351562
      },
      "rot":{
        "x":0.020809879526496,
        "y":269.99591064453,
        "z":0.016769392415881
      }
    },
    "caefe0":{
      "lock":false,
      "pos":{
        "x":-19.293592453003,
        "y":1.3098953962326,
        "z":-76.941535949707
      },
      "rot":{
        "x":0.020808275789022,
        "y":270.0009765625,
        "z":0.016771545633674
      }
    },
    "cd9447":{
      "lock":false,
      "pos":{
        "x":-26.299592971802,
        "y":1.4712345600128,
        "z":-84.817993164062
      },
      "rot":{
        "x":0.020812999457121,
        "y":269.98471069336,
        "z":180.01676940918
      }
    },
    "db4063":{
      "lock":false,
      "pos":{
        "x":-19.295860290527,
        "y":1.312201499939,
        "z":-69.060691833496
      },
      "rot":{
        "x":0.020804455503821,
        "y":270.01440429688,
        "z":0.016776332631707
      }
    },
    "f49f9a":{
      "lock":false,
      "pos":{
        "x":-19.299768447876,
        "y":1.3075876235962,
        "z":-84.818168640137
      },
      "rot":{
        "x":0.020808631554246,
        "y":270.00006103516,
        "z":0.016771243885159
      }
    }
  }
}