{
  "ml":{
    "134d83":{
      "lock":false,
      "pos":{
        "x":-3.9277036190033,
        "y":1.6962382793427,
        "z":5.7571015357971
      },
      "rot":{
        "x":359.91973876953,
        "y":269.98770141602,
        "z":180.01684570312
      }
    },
    "425f86":{
      "lock":false,
      "pos":{
        "x":-1.4656577110291,
        "y":1.4756231307983,
        "z":-26.929403305054
      },
      "rot":{
        "x":359.92013549805,
        "y":270.00772094727,
        "z":0.016861457377672
      }
    },
    "44573a":{
      "lock":false,
      "pos":{
        "x":-4.637598991394,
        "y":1.4069850444794,
        "z":13.822603225708
      },
      "rot":{
        "x":359.98315429688,
        "y":-0.00088275055168197,
        "z":359.91967773438
      }
    },
    "73e53d":{
      "lock":false,
      "pos":{
        "x":-11.327299118042,
        "y":1.4142999649048,
        "z":7.088399887085
      },
      "rot":{
        "x":359.98315429688,
        "y":4.7391233238159e-05,
        "z":359.92004394531
      }
    },
    "917668":{
      "lock":false,
      "pos":{
        "x":-2.7246069908142,
        "y":1.6207603216171,
        "z":0.37330177426338
      },
      "rot":{
        "x":0.016789246350527,
        "y":180.03309631348,
        "z":0.080265931785107
      }
    },
    "9d0d56":{
      "lock":false,
      "pos":{
        "x":-3.9560170173645,
        "y":1.5975395441055,
        "z":-10.441199302673
      },
      "rot":{
        "x":359.91973876953,
        "y":269.98526000977,
        "z":0.016858736053109
      }
    },
    "a45247":{
      "lock":false,
      "pos":{
        "x":1.6967008113861,
        "y":1.5583162307739,
        "z":14.278701782227
      },
      "rot":{
        "x":359.95513916016,
        "y":224.99801635742,
        "z":0.068671986460686
      }
    },
    "cf0c00":{
      "lock":false,
      "pos":{
        "x":-3.7325007915497,
        "y":1.5822838544846,
        "z":-14.994101524353
      },
      "rot":{
        "x":359.91973876953,
        "y":270.00207519531,
        "z":0.016834948211908
      }
    },
    "d47bca":{
      "lock":false,
      "pos":{
        "x":-2.6884241104126,
        "y":1.6143023967743,
        "z":-5.0485954284668
      },
      "rot":{
        "x":0.016789626330137,
        "y":180.03269958496,
        "z":0.080266155302525
      }
    }
  }
}