{
  "ml":{
    "08cb35":{
      "lock":false,
      "pos":{
        "x":-16.638900756836,
        "y":1.3625116348267,
        "z":-58.981800079346
      },
      "rot":{
        "x":0.020810959860683,
        "y":270.01818847656,
        "z":0.016774816438556
      }
    },
    "0b9ee6":{
      "lock":false,
      "pos":{
        "x":-16.639200210571,
        "y":1.3586347103119,
        "z":-72.226303100586
      },
      "rot":{
        "x":0.0208162907511,
        "y":270.00021362305,
        "z":0.016768205910921
      }
    },
    "27e41e":{
      "lock":false,
      "pos":{
        "x":-16.638500213623,
        "y":1.3582708835602,
        "z":-73.470001220703
      },
      "rot":{
        "x":0.020816067233682,
        "y":270.00039672852,
        "z":0.016768118366599
      }
    },
    "2ce03d":{
      "lock":false,
      "pos":{
        "x":-16.638999938965,
        "y":1.3655291795731,
        "z":-48.672901153565
      },
      "rot":{
        "x":0.020816477015614,
        "y":270.00021362305,
        "z":0.016768546774983
      }
    },
    "3b3b7a":{
      "lock":false,
      "pos":{
        "x":-19.120050430298,
        "y":1.3086709976196,
        "z":-81.339996337891
      },
      "rot":{
        "x":0.020808955654502,
        "y":269.99969482422,
        "z":0.016770455986261
      }
    },
    "3d3e9c":{
      "lock":false,
      "pos":{
        "x":-26.298500061035,
        "y":1.2674956321716,
        "z":-81.338798522949
      },
      "rot":{
        "x":359.97918701172,
        "y":90.018005371094,
        "z":359.98321533203
      }
    },
    "3da38f":{
      "lock":false,
      "pos":{
        "x":-26.298997879028,
        "y":1.274396777153,
        "z":-57.761901855469
      },
      "rot":{
        "x":359.97915649414,
        "y":89.999816894531,
        "z":359.98321533203
      }
    },
    "435797":{
      "lock":false,
      "pos":{
        "x":-16.638999938965,
        "y":1.3651670217514,
        "z":-49.909999847412
      },
      "rot":{
        "x":0.020815677940845,
        "y":270.00021362305,
        "z":0.0167680028826
      }
    },
    "43ad8a":{
      "lock":false,
      "pos":{
        "x":-19.123258590698,
        "y":1.3155866861343,
        "z":-57.709999084473
      },
      "rot":{
        "x":0.020808406174183,
        "y":270.0009765625,
        "z":0.016771165654063
      }
    },
    "454573":{
      "lock":false,
      "pos":{
        "x":-26.299097061157,
        "y":1.2698004245758,
        "z":-73.466506958008
      },
      "rot":{
        "x":359.97915649414,
        "y":90.000297546387,
        "z":359.98321533203
      }
    },
    "458edc":{
      "lock":false,
      "pos":{
        "x":-19.121404647827,
        "y":1.3109799623489,
        "z":-73.449996948242
      },
      "rot":{
        "x":0.020808735862374,
        "y":269.99984741211,
        "z":0.016770940274
      }
    },
    "4c2a3d":{
      "lock":false,
      "pos":{
        "x":-22.470123291016,
        "y":1.3097791671753,
        "z":-73.397689819336
      },
      "rot":{
        "x":0.01677181571722,
        "y":180.00086975098,
        "z":359.97918701172
      }
    },
    "4deeff":{
      "lock":false,
      "pos":{
        "x":-19.119548797607,
        "y":1.3063850402832,
        "z":-89.150001525879
      },
      "rot":{
        "x":0.020808765664697,
        "y":269.99978637695,
        "z":0.016771161928773
      }
    },
    "4fe415":{
      "lock":false,
      "pos":{
        "x":-16.639200210571,
        "y":1.3605800867081,
        "z":-65.580001831055
      },
      "rot":{
        "x":0.020816676318646,
        "y":270.00021362305,
        "z":0.016768041998148
      }
    },
    "5b1faf":{
      "lock":false,
      "pos":{
        "x":-26.298896789551,
        "y":1.2766809463501,
        "z":-49.957801818848
      },
      "rot":{
        "x":359.97918701172,
        "y":89.999900817871,
        "z":359.98321533203
      }
    },
    "5d3d67":{
      "lock":false,
      "pos":{
        "x":-22.459987640381,
        "y":1.3074580430984,
        "z":-81.339988708496
      },
      "rot":{
        "x":0.016770895570517,
        "y":179.99882507324,
        "z":359.97918701172
      }
    },
    "681694":{
      "lock":false,
      "pos":{
        "x":-16.638299942017,
        "y":1.3533201217651,
        "z":-90.383598327637
      },
      "rot":{
        "x":0.020813623443246,
        "y":270.00900268555,
        "z":0.016771314665675
      }
    },
    "69a43c":{
      "lock":false,
      "pos":{
        "x":-16.640600204468,
        "y":1.3540440797806,
        "z":-87.907402038574
      },
      "rot":{
        "x":0.020873624831438,
        "y":269.80331420898,
        "z":0.016696201637387
      }
    },
    "7b85f6":{
      "lock":false,
      "pos":{
        "x":-16.638399124146,
        "y":1.3536810874939,
        "z":-89.150001525879
      },
      "rot":{
        "x":0.020816009491682,
        "y":270.00009155273,
        "z":0.01676794141531
      }
    },
    "9248cf":{
      "lock":false,
      "pos":{
        "x":-16.638999938965,
        "y":1.3579117059708,
        "z":-74.696502685547
      },
      "rot":{
        "x":0.020816827192903,
        "y":269.99920654297,
        "z":0.016767807304859
      }
    },
    "95fb5e":{
      "lock":false,
      "pos":{
        "x":-22.457708358765,
        "y":1.3051717281342,
        "z":-89.153190612793
      },
      "rot":{
        "x":0.016778204590082,
        "y":180.01863098144,
        "z":359.97918701172
      }
    },
    "98d426":{
      "lock":false,
      "pos":{
        "x":-16.638999938965,
        "y":1.3648066520691,
        "z":-51.1416015625
      },
      "rot":{
        "x":0.020816914737225,
        "y":269.99880981445,
        "z":0.016767550259829
      }
    },
    "9a9830":{
      "lock":false,
      "pos":{
        "x":-22.469999313354,
        "y":1.3120795488357,
        "z":-65.538887023926
      },
      "rot":{
        "x":0.016771635040641,
        "y":180.00065612793,
        "z":359.97918701172
      }
    },
    "b967c9":{
      "lock":false,
      "pos":{
        "x":-16.639099121094,
        "y":1.3559670448303,
        "z":-81.339996337891
      },
      "rot":{
        "x":0.020816927775741,
        "y":269.99890136719,
        "z":0.016767915338278
      }
    },
    "baeea0":{
      "lock":false,
      "pos":{
        "x":-26.299098968506,
        "y":1.2721073627472,
        "z":-65.581405639648
      },
      "rot":{
        "x":359.97915649414,
        "y":89.999900817871,
        "z":359.98321533203
      }
    },
    "c0f76c":{
      "lock":false,
      "pos":{
        "x":-19.120027542114,
        "y":1.3178709745407,
        "z":-49.909999847412
      },
      "rot":{
        "x":0.020808842033148,
        "y":269.99975585938,
        "z":0.016770986840129
      }
    },
    "c431f3":{
      "lock":false,
      "pos":{
        "x":-22.470045089722,
        "y":1.3143712282181,
        "z":-57.710033416748
      },
      "rot":{
        "x":0.016771102324128,
        "y":179.99987792969,
        "z":359.97918701172
      }
    },
    "c55d46":{
      "lock":false,
      "pos":{
        "x":-26.298398971558,
        "y":1.2652024030685,
        "z":-89.173706054688
      },
      "rot":{
        "x":359.97915649414,
        "y":89.983612060547,
        "z":359.98324584961
      }
    },
    "cd74de":{
      "lock":false,
      "pos":{
        "x":-16.638999938965,
        "y":1.3609428405762,
        "z":-64.341400146484
      },
      "rot":{
        "x":0.020817007869482,
        "y":270.00030517578,
        "z":0.016768354922533
      }
    },
    "d3d7fb":{
      "lock":false,
      "pos":{
        "x":-19.116996765137,
        "y":1.3132852315903,
        "z":-65.580001831055
      },
      "rot":{
        "x":0.02080880664289,
        "y":269.99975585938,
        "z":0.01677074842155
      }
    },
    "dc96d1":{
      "lock":false,
      "pos":{
        "x":-22.461296081543,