{
  "ml":{
    "0115c9":{
      "lock":false,
      "pos":{
        "x":-19.29976272583,
        "y":1.3075876235962,
        "z":-84.818161010742
      },
      "rot":{
        "x":0.02080862224102,
        "y":270.00012207031,
        "z":0.016770865768194
      }
    },
    "0869b0":{
      "lock":false,
      "pos":{
        "x":-16.623298645019,
        "y":1.3645213842392,
        "z":-52.135284423828
      },
      "rot":{
        "x":0.020816450938582,
        "y":269.9997253418,
        "z":0.016768073663116
      }
    },
    "0a0573":{
      "lock":false,
      "pos":{
        "x":-26.300140380859,
        "y":1.271088719368,
        "z":-69.060562133789
      },
      "rot":{
        "x":359.97915649414,
        "y":89.999755859375,
        "z":359.98324584961
      }
    },
    "1342d8":{
      "lock":false,
      "pos":{
        "x":-16.623300552368,
        "y":1.3615037202835,
        "z":-62.444152832031
      },
      "rot":{
        "x":0.020826537162065,
        "y":269.96514892578,
        "z":0.016755506396294
      }
    },
    "13d5ca":{
      "lock":false,
      "pos":{
        "x":-16.623338699341,
        "y":1.3618638515472,
        "z":-61.214248657227
      },
      "rot":{
        "x":0.020813779905438,
        "y":270.01092529297,
        "z":0.016771927475929
      }
    },
    "1b5323":{
      "lock":false,
      "pos":{
        "x":-16.623388290405,
        "y":1.3569039106369,
        "z":-78.158905029297
      },
      "rot":{
        "x":0.020813466981053,
        "y":270.00872802734,
        "z":0.016771415248513
      }
    },
    "281a12":{
      "lock":false,
      "pos":{
        "x":-16.623544692993,
        "y":1.3595720529556,
        "z":-69.043563842773
      },
      "rot":{
        "x":0.020816285163164,
        "y":269.99954223633,
        "z":0.016767833381891
      }
    },
    "2b6fc7":{
      "lock":false,
      "pos":{
        "x":-16.623489379883,
        "y":1.3549593687057,
        "z":-84.801460266113
      },
      "rot":{
        "x":0.020810078829527,
        "y":270.02227783203,
        "z":0.016776088625193
      }
    },
    "2f94db":{
      "lock":false,
      "pos":{
        "x":-22.616889953613,
        "y":1.3063827753067,
        "z":-84.818481445312
      },
      "rot":{
        "x":0.016773391515017,
        "y":180.00605773926,
        "z":359.97918701172
      }
    },
    "36536d":{
      "lock":false,
      "pos":{
        "x":-19.300054550171,
        "y":1.3144911527634,
        "z":-61.233234405518
      },
      "rot":{
        "x":0.020808892324567,
        "y":270.00003051758,
        "z":0.016770765185356
      }
    },
    "47b3b0":{
      "lock":false,
      "pos":{
        "x":-16.623546600342,
        "y":1.357626914978,
        "z":-75.688690185547
      },
      "rot":{
        "x":0.020819904282689,
        "y":269.98736572266,
        "z":0.016763405874372
      }
    },
    "500c37":{
      "lock":false,
      "pos":{
        "x":-16.622652053833,
        "y":1.3546084165573,
        "z":-86.001846313477
      },
      "rot":{
        "x":0.020817015320063,
        "y":269.99963378906,
        "z":0.016767907887697
      }
    },
    "503494":{
      "lock":false,
      "pos":{
        "x":-19.293586730957,
        "y":1.3098953962326,
        "z":-76.941528320312
      },
      "rot":{
        "x":0.020808879286051,
        "y":270.00009155273,
        "z":0.016770942136645
      }
    },
    "51e457":{
      "lock":false,
      "pos":{
        "x":-16.621789932251,
        "y":1.3553336858749,
        "z":-83.524803161621
      },
      "rot":{
        "x":0.020816706120968,
        "y":269.99801635742,
        "z":0.016767214983702
      }
    },
    "589aa6":{
      "lock":false,
      "pos":{
        "x":-17.132312774658,
        "y":1.3304169178009,
        "z":-48.312652587891
      },
      "rot":{
        "x":0.020802691578865,
        "y":269.99230957031,
        "z":0.01676819846034
      }
    },
    "665ba2":{
      "lock":false,
      "pos":{
        "x":-22.671354293823,
        "y":1.3037852048874,
        "z":-47.147468566895
      },
      "rot":{
        "x":0.020808724686503,
        "y":269.99969482422,
        "z":0.016771180555224
      }
    },
    "6a5902":{
      "lock":false,
      "pos":{
        "x":-16.623306274414,
        "y":1.3641588687897,
        "z":-53.373676300049
      },
      "rot":{
        "x":0.020821593701839,
        "y":269.98376464844,
        "z":0.016762332990766
      }
    },
    "7122c7":{
      "lock":false,
      "pos":{
        "x":-26.300174713135,
        "y":1.268780708313,
        "z":-76.94563293457
      },
      "rot":{
        "x":359.97915649414,
        "y":89.999305725098,
        "z":359.98321533203
      }
    },
    "768f18":{
      "lock":false,
      "pos":{
        "x":-26.29958152771,
        "y":1.2664771080017,
        "z":-84.817985534668
      },
      "rot":{
        "x":359.97915649414,
        "y":90.000579833984,
        "z":359.98321533203
      }
    },
    "78041d":{
      "lock":false,
      "pos":{
        "x":-26.300134658814,
        "y":1.2733778953552,
        "z":-61.24095916748
      },
      "rot":{
        "x":359.97915649414,
        "y":89.99186706543,
        "z":359.98324584961
      }
    },
    "8b68e0":{
      "lock":false,
      "pos":{
        "x":-19.299997329712,
        "y":1.3167735338211,
        "z":-53.435817718506
      },
      "rot":{
        "x":0.020808944478631,
        "y":270.00003051758,
        "z":0.016770735383034
      }
    },
    "8d3616":{
      "lock":false,
      "pos":{
        "x":-26.299999237061,
        "y":1.2756623029709,
        "z":-53.436840057373
      },
      "rot":{
        "x":359.97915649414,
        "y":90.000007629395,
        "z":359.98324584961
      }
    },
    "96c54e":{
      "lock":false,
      "pos":{
        "x":-16.623310089111,
        "y":1.3637987375259,
        "z":-54.603988647461
      },
      "rot":{
        "x":0.020816121250391,
        "y":270.00024414062,
        "z":0.016768325120211
      }
    },
    "a6c471":{
      "lock":false,
      "pos":{
        "x":-22.613880157471,
        "y":1.3155694007873,
        "z":-53.438110351562
      },
      "rot":{
        "x":0.016772106289864,
        "y":180.00234985352,
        "z":359.97918701172
      }
    },
    "cc9de1":{
      "lock":false,
      "pos":{
        "x":-22.616937637329,
        "y":1.3132841587067,
        "z":-61.241367340088
      },
      "rot":{
        "x":0.01677218079567,
        "y":180.00199890137,
        "z":359.97918701172
      }
    },
    "ccd02d":{
      "lock":false,
      "pos":{
        "x":-16.623338699341,
        "y":1.3622238636017,
        "z":-59.984252929688
      },
      "rot":{
        "x":0.020813887938857,
        "y":270.01062011719,
        "z":0.016771972179413
      }
    },
    "d01288":{
      "lock":false,
      "pos":{
        "x":-16.623323440552,
        "y":1.3592119216919,
        "z":-70.273849487305
      },
      "rot":{
        "x":0.020816642791033,
        "y":269.99942016602,
        "z":0.016767986118794
      }
    },
    "dde8a8":{
      "lock":false,
      "pos":{
        "x":-16.622814178467,
        "y":1.3572640419006,
        "z":-76.928932189941
      },
      "rot":{
        "x":0.020816164091229,
        "y":269.9997253418,
        "z":0.016768041998148
      }
    },
    "f01f56":{
      "lock":false,
      "pos":{
        "x":-19.295854568481,
        "y":1.312201499939,
        "z":-69.060684204102
      },
      "rot":{
        "x":0.020808884873986,
        "y":270.00012207031,
        "z":0.016771206632257
      }
    },
    "f0b6f4":{
      "lock":false,
      "pos":{
        "x":-16.623352050781,
        "y":1.3599350452423,
        "z":-67.803825378418
      },
      "rot":{
        "x":0.020816050469875,
        "y":269.99984741211,
        "z":0.01676831394434
      }
    },
    "ff2498":{
      "lock":false,
      "pos":{
        "x":-22.615669250488,