{
  "ml":{
    "155c81":{
      "lock":false,
      "pos":{
        "x":-0.75047308206558,
        "y":1.287609577179,
        "z":-33.659019470215
      },
      "rot":{
        "x":0.079964637756348,
        "y":89.999465942383,
        "z":359.98309326172
      }
    },
    "285631":{
      "lock":false,
      "pos":{
        "x":-0.83926266431809,
        "y":1.286754488945,
        "z":-36.983707427979
      },
      "rot":{
        "x":0.079959496855736,
        "y":89.999618530273,
        "z":359.98306274414
      }
    },
    "4eaf63":{
      "lock":false,
      "pos":{
        "x":-0.10449089109898,
        "y":1.4746375083923,
        "z":-23.831966400146
      },
      "rot":{
        "x":359.92013549805,
        "y":269.97653198242,
        "z":0.016904620453715
      }
    },
    "5140fa":{
      "lock":false,
      "pos":{
        "x":-11.802609443665,
        "y":1.6070628166199,
        "z":-15.159310340881
      },
      "rot":{
        "x":359.92010498047,
        "y":269.99993896484,
        "z":0.016839703544974
      }
    },
    "51589f":{
      "lock":false,
      "pos":{
        "x":-3.9559843540192,
        "y":1.5975394248962,
        "z":-10.441164016724
      },
      "rot":{
        "x":359.91973876953,
        "y":269.99993896484,
        "z":0.016837261617184
      }
    },
    "58e74a":{
      "lock":false,
      "pos":{
        "x":3.6904559135437,
        "y":1.2813439369202,
        "z":-33.912582397461
      },
      "rot":{
        "x":0.079959973692894,
        "y":89.999282836914,
        "z":359.98306274414
      }
    },
    "7039ea":{
      "lock":false,
      "pos":{
        "x":-11.822445869446,
        "y":1.6308296918869,
        "z":-8.4515333175659
      },
      "rot":{
        "x":359.92010498047,
        "y":270.01272583008,
        "z":0.016823979094624
      }
    },
    "84bdea":{
      "lock":false,
      "pos":{
        "x":-0.86969494819641,
        "y":1.2888417243957,
        "z":-30.03724861145
      },
      "rot":{
        "x":0.079964533448219,
        "y":89.999382019043,
        "z":359.98309326172
      }
    },
    "8e3380":{
      "lock":false,
      "pos":{
        "x":-15.411422729492,
        "y":1.4149453639984,
        "z":-10.090240478516
      },
      "rot":{
        "x":359.98315429688,
        "y":0.0008177959243767,
        "z":359.92004394531
      }
    },
    "a3def6":{
      "lock":false,
      "pos":{
        "x":-3.9278972148895,
        "y":1.7684490680695,
        "z":5.75719165802
      },
      "rot":{
        "x":359.91973876953,
        "y":269.99981689453,
        "z":180.01681518555
      }
    },
    "b45b47":{
      "lock":false,
      "pos":{
        "x":-2.7247719764709,
        "y":1.6159465312958,
        "z":0.37333795428276
      },
      "rot":{
        "x":0.01670989766717,
        "y":180.08961486816,
        "z":0.080282740294933
      }
    },
    "ba2e05":{
      "lock":false,
      "pos":{
        "x":-2.6884746551514,
        "y":1.597348690033,
        "z":-5.0484166145325
      },
      "rot":{
        "x":0.016797319054604,
        "y":180.02760314941,
        "z":0.080263175070286
      }
    },
    "c1186b":{
      "lock":false,
      "pos":{
        "x":-11.844598770142,
        "y":1.629851102829,
        "z":-11.886660575867
      },
      "rot":{
        "x":359.92010498047,
        "y":270.02291870117,
        "z":0.016810540109873
      }
    },
    "c56b51":{
      "lock":false,
      "pos":{
        "x":-15.329158782959,
        "y":1.413712143898,
        "z":-13.896956443787
      },
      "rot":{
        "x":359.98315429688,
        "y":0.00084818532923237,
        "z":359.92001342773
      }
    },
    "da395e":{
      "lock":false,
      "pos":{
        "x":-3.597950220108,
        "y":1.5820707082748,
        "z":-15.078562736511
      },
      "rot":{
        "x":359.91973876953,
        "y":270.03024291992,
        "z":0.016795957460999
      }
    }
  }
}