{
  "ml":{
    "0745af":{
      "lock":false,
      "pos":{
        "x":-16.639999389648,
        "y":1.3614929914475,
        "z":-62.460899353027
      },
      "rot":{
        "x":0.020817002281547,
        "y":269.99993896484,
        "z":0.016767861321568
      }
    },
    "0cce7f":{
      "lock":false,
      "pos":{
        "x":-22.616895675659,
        "y":1.3132841587067,
        "z":-61.241397857666
      },
      "rot":{
        "x":0.016775267198682,
        "y":180.01029968262,
        "z":359.97918701172
      }
    },
    "1842b6":{
      "lock":false,
      "pos":{
        "x":-26.299997329712,
        "y":1.2756623029709,
        "z":-53.436901092529
      },
      "rot":{
        "x":359.97915649414,
        "y":90,
        "z":359.98324584961
      }
    },
    "1f8fcf":{
      "lock":false,
      "pos":{
        "x":-16.640300750732,
        "y":1.359561085701,
        "z":-69.060302734375
      },
      "rot":{
        "x":0.020816847681999,
        "y":270.00048828125,
        "z":0.016767913475633
      }
    },
    "24660b":{
      "lock":false,
      "pos":{
        "x":-16.640100479126,
        "y":1.364147901535,
        "z":-53.390399932861
      },
      "rot":{
        "x":0.020816611126065,
        "y":270.00030517578,
        "z":0.016767581924796
      }
    },
    "3c3607":{
      "lock":false,
      "pos":{
        "x":-16.640100479126,
        "y":1.3618530035019,
        "z":-61.23099899292
      },
      "rot":{
        "x":0.020816871896386,
        "y":269.99960327148,
        "z":0.016767872497439
      }
    },
    "4722e6":{
      "lock":false,
      "pos":{
        "x":-26.300098419189,
        "y":1.2733781337738,
        "z":-61.24100112915
      },
      "rot":{
        "x":359.97915649414,
        "y":89.981506347656,
        "z":359.98324584961
      }
    },
    "480119":{
      "lock":false,
      "pos":{
        "x":-19.299797058106,
        "y":1.3075875043869,
        "z":-84.818199157715
      },
      "rot":{
        "x":0.020820338279009,
        "y":269.9680480957,
        "z":0.01676138676703
      }
    },
    "573cb2":{
      "lock":false,
      "pos":{
        "x":-22.615762710571,
        "y":1.3086875677109,
        "z":-76.946044921875
      },
      "rot":{
        "x":0.01677561365068,
        "y":180.01025390625,
        "z":359.97918701172
      }
    },
    "5c7b14":{
      "lock":false,
      "pos":{
        "x":-26.300199508667,
        "y":1.2710890769959,
        "z":-69.060607910156
      },
      "rot":{
        "x":359.97918701172,
        "y":90.010009765625,
        "z":359.98321533203
      }
    },
    "663b02":{
      "lock":false,
      "pos":{
        "x":-19.295896530151,
        "y":1.3122013807297,
        "z":-69.060699462891
      },
      "rot":{
        "x":0.020805425941944,
        "y":270.01849365234,
        "z":0.016779456287623
      }
    },
    "698808":{
      "lock":false,
      "pos":{
        "x":-26.299598693848,
        "y":1.266476392746,
        "z":-84.818008422852
      },
      "rot":{
        "x":359.97915649414,
        "y":90,
        "z":359.98324584961
      }
    },
    "6c2d02":{
      "lock":false,
      "pos":{
        "x":-22.61389541626,
        "y":1.3155694007873,
        "z":-53.438095092773
      },
      "rot":{
        "x":0.01677537150681,
        "y":180.01029968262,
        "z":359.97918701172
      }
    },
    "7069c2":{
      "lock":false,
      "pos":{
        "x":-16.640100479126,
        "y":1.3568930625916,
        "z":-78.175598144531
      },
      "rot":{
        "x":0.020815780386329,
        "y":270.00073242188,
        "z":0.016767712309957
      }
    },
    "757716":{
      "lock":false,
      "pos":{
        "x":-16.640100479126,
        "y":1.3599240779877,
        "z":-67.820602416992
      },
      "rot":{
        "x":0.020816633477807,
        "y":270.00061035156,
        "z":0.016768274828792
      }
    },
    "7ae4a4":{
      "lock":false,
      "pos":{
        "x":-16.640100479126,
        "y":1.3622130155563,
        "z":-60.000999450684
      },
      "rot":{
        "x":0.02081610634923,
        "y":269.99969482422,
        "z":0.016767712309957
      }
    },
    "7d0121":{
      "lock":false,
      "pos":{
        "x":-16.640300750732,
        "y":1.3576160669327,
        "z":-75.70539855957
      },
      "rot":{
        "x":0.020821306854487,
        "y":269.98208618164,
        "z":0.016760913655162
      }
    },
    "8d356b":{
      "lock":false,
      "pos":{
        "x":-22.615695953369,
        "y":1.3109914064407,
        "z":-69.07559967041
      },
      "rot":{
        "x":0.016772160306573,
        "y":180.0007019043,
        "z":359.97918701172
      }
    },
    "90165e":{
      "lock":false,
      "pos":{
        "x":-16.640100479126,
        "y":1.3637877702713,
        "z":-54.620700836182
      },
      "rot":{
        "x":0.020816426724196,
        "y":270.00021362305,
        "z":0.016767794266343
      }
    },
    "9c5af7":{
      "lock":false,
      "pos":{
        "x":-26.300197601318,
        "y":1.2687805891037,
        "z":-76.945610046387
      },
      "rot":{
        "x":359.97915649414,
        "y":90,
        "z":359.98321533203
      }
    },
    "a52a3a":{
      "lock":false,
      "pos":{
        "x":-16.639600753784,
        "y":1.3572531938553,
        "z":-76.945602416992
      },
      "rot":{
        "x":0.020816123113036,
        "y":270.00061035156,
        "z":0.016768371686339
      }
    },
    "b6b36e":{
      "lock":false,
      "pos":{
        "x":-16.640100479126,
        "y":1.3592009544373,
        "z":-70.290603637695
      },
      "rot":{
        "x":0.020817285403609,
        "y":269.99880981445,
        "z":0.016767535358667
      }
    },
    "bab94a":{
      "lock":false,
      "pos":{
        "x":-22.616895675659,
        "y":1.3063827753067,
        "z":-84.818496704102
      },
      "rot":{
        "x":0.016775762662291,
        "y":180.01029968262,
        "z":359.97918701172
      }
    },
    "be44cf":{
      "lock":false,
      "pos":{
        "x":-16.639400482178,
        "y":1.3545974493027,
        "z":-86.018600463867
      },
      "rot":{
        "x":0.020811185240745,
        "y":270.01748657227,
        "z":0.01677468046546
      }
    },
    "c1bb90":{
      "lock":false,
      "pos":{
        "x":-16.640199661255,
        "y":1.3549486398697,
        "z":-84.818199157715
      },
      "rot":{
        "x":0.020817015320063,
        "y":270.00039672852,
        "z":0.016767954453826
      }
    },
    "cf0fa6":{
      "lock":false,
      "pos":{
        "x":-16.640100479126,
        "y":1.3645104169846,
        "z":-52.152000427246
      },
      "rot":{
        "x":0.020816285163164,
        "y":270.00021362305,
        "z":0.016768045723438
      }
    },
    "d742cb":{
      "lock":false,
      "pos":{
        "x":-19.300096511841,
        "y":1.3144911527634,
        "z":-61.233196258545
      },
      "rot":{
        "x":0.020803637802601,
        "y":270.01806640625,
        "z":0.016776252537966
      }
    },
    "e0aba2":{
      "lock":false,
      "pos":{
        "x":-19.2935962677,
        "y":1.3098953962326,
        "z":-76.941497802734
      },
      "rot":{
        "x":0.020810669288039,
        "y":269.99978637695,
        "z":0.01677262224257
      }
    },
    "e4c465":{
      "lock":false,
      "pos":{
        "x":-16.638599395752,
        "y":1.3553228378296,
        "z":-83.541496276855
      },
      "rot":{
        "x":0.020870555192232,
        "y":269.81518554688,
        "z":0.016700610518455
      }
    },
    "ef40fe":{
      "lock":false,
      "pos":{
        "x":-19.299995422363,
        "y":1.3167735338211,
        "z":-53.435794830322
      },
      "rot":{
        "x":0.020814727991819,
        "y":269.98129272461,
        "z":0.016762845218182
      }
    }
  }
}