{
  "ml":{
    "012f6e":{
      "lock":false,
      "pos":{
        "x":-33.167491912842,
        "y":1.6287933588028,
        "z":3.7023942470551
      },
      "rot":{
        "x":359.93157958984,
        "y":315.00012207031,
        "z":359.95541381836
      }
    },
    "01a1bf":{
      "lock":false,
      "pos":{
        "x":-2.6884799003601,
        "y":1.6191165447235,
        "z":-5.0485434532166
      },
      "rot":{
        "x":0.016835704445839,
        "y":179.99996948242,
        "z":0.080255836248398
      }
    },
    "119ff4":{
      "lock":false,
      "pos":{
        "x":-2.724662065506,
        "y":1.6207603216171,
        "z":0.37331247329712
      },
      "rot":{
        "x":0.016831550747156,
        "y":180.00282287598,
        "z":0.080256812274456
      }
    },
    "1375c8":{
      "lock":false,
      "pos":{
        "x":-0.022195976227522,
        "y":1.6177098751068,
        "z":2.8742957115173
      },
      "rot":{
        "x":0.016835611313582,
        "y":179.99998474121,
        "z":0.080255962908268
      }
    },
    "1ade36":{
      "lock":false,
      "pos":{
        "x":-3.9558930397034,
        "y":1.597539305687,
        "z":-10.441179275513
      },
      "rot":{
        "x":359.91973876953,
        "y":270.00015258789,
        "z":0.016836894676089
      }
    },
    "262233":{
      "lock":false,
      "pos":{
        "x":-23.676448822021,
        "y":1.6280664205551,
        "z":-0.030016520991921
      },
      "rot":{
        "x":359.92010498047,
        "y":270.00030517578,
        "z":0.016839176416397
      }
    },
    "308d21":{
      "lock":false,
      "pos":{
        "x":-20.245641708374,
        "y":1.6091030836105,
        "z":-1.9855531454086
      },
      "rot":{
        "x":359.93157958984,
        "y":315,
        "z":359.95541381836
      }
    },
    "30c009":{
      "lock":false,
      "pos":{
        "x":-26.672687530518,
        "y":1.6186695098877,
        "z":0.071747966110706
      },
      "rot":{
        "x":359.92010498047,
        "y":270.00866699219,
        "z":0.016855308786035
      }
    },
    "3111c8":{
      "lock":false,
      "pos":{
        "x":-3.92764544487,
        "y":1.7010521888733,
        "z":5.7571358680725
      },
      "rot":{
        "x":359.91973876953,
        "y":270,
        "z":180.01681518555
      }
    },
    "354cd0":{
      "lock":false,
      "pos":{
        "x":-36.773204803467,
        "y":1.6361011266708,
        "z":11.460005760193
      },
      "rot":{
        "x":359.98315429688,
        "y":-7.2397662734147e-05,
        "z":359.92007446289
      }
    },
    "363e2d":{
      "lock":false,
      "pos":{
        "x":-3.9294550418854,
        "y":1.7010546922684,
        "z":5.7571525573731
      },
      "rot":{
        "x":359.91973876953,
        "y":270.00006103516,
        "z":180.01683044434
      }
    },
    "36b4eb":{
      "lock":false,
      "pos":{
        "x":-1.4717743396759,
        "y":1.47563123703,
        "z":-26.930416107178
      },
      "rot":{
        "x":359.92013549805,
        "y":269.98626708984,
        "z":0.016891125589609
      }
    },
    "370aa5":{
      "lock":false,
      "pos":{
        "x":-33.3459815979,
        "y":1.6377238035202,
        "z":-13.048851966858
      },
      "rot":{
        "x":359.92010498047,
        "y":270.00762939453,
        "z":0.016828954219818
      }
    },
    "44d047":{
      "lock":false,
      "pos":{
        "x":-14.615016937256,
        "y":1.6273949146271,
        "z":-6.0015187263489
      },
      "rot":{
        "x":359.92001342773,
        "y":270.0048828125,
        "z":0.73551464080811
      }
    },
    "473d21":{
      "lock":false,
      "pos":{
        "x":-36.773136138916,
        "y":1.6485624313355,
        "z":7.5699834823608
      },
      "rot":{
        "x":359.92010498047,
        "y":270.00030517578,
        "z":0.016839256510139
      }
    },
    "638f24":{
      "lock":false,
      "pos":{
        "x":-36.773235321045,
        "y":1.6293505430222,
        "z":-11.509990692139
      },
      "rot":{
        "x":359.98315429688,
        "y":0.00015593001444358,
        "z":359.92004394531
      }
    },
    "677a88":{
      "lock":false,
      "pos":{
        "x":-33.820232391357,
        "y":1.6612095832825,
        "z":16.75860786438
      },
      "rot":{
        "x":359.3938293457,
        "y":269.9990234375,
        "z":0.016840744763613
      }
    },
    "7234af":{
      "lock":false,
      "pos":{
        "x":-40.205043792725,
        "y":1.6352337598801,
        "z":-7.7735443115234
      },
      "rot":{
        "x":359.92010498047,
        "y":270.00872802734,
        "z":0.016854746267199
      }
    },
    "790c3a":{
      "lock":false,
      "pos":{
        "x":-17.119939804077,
        "y":1.6200671195984,
        "z":3.8599870204926
      },
      "rot":{
        "x":359.92010498047,
        "y":270.0002746582,
        "z":0.016839124262333
      }
    },
    "7b0f72":{
      "lock":false,
      "pos":{
        "x":1.6966042518616,
        "y":1.5583159923554,
        "z":14.27880859375
      },
      "rot":{
        "x":359.95513916016,
        "y":224.99781799316,
        "z":0.068671956658363
      }
    },
    "7f901e":{
      "lock":false,
      "pos":{
        "x":-33.570343017578,
        "y":1.63791847229,
        "z":-13.451119422913
      },
      "rot":{
        "x":359.92010498047,
        "y":269.99996948242,
        "z":0.016839645802975
      }
    },
    "a96a99":{
      "lock":false,
      "pos":{
        "x":-5.4181532859802,
        "y":1.623706817627,
        "z":-2.4389419555664
      },
      "rot":{
        "x":0.016835739836097,
        "y":179.99993896484,
        "z":0.080255918204784
      }
    },
    "b2f67d":{
      "lock":false,
      "pos":{
        "x":-40.240013122559,
        "y":1.6341577768326,
        "z":-11.601292610168
      },
      "rot":{
        "x":359.93157958984,
        "y":314.99981689453,
        "z":359.95541381836
      }
    },
    "b57f26":{
      "lock":false,
      "pos":{
        "x":-17.119945526123,
        "y":1.6178103685379,
        "z":-3.8300132751465
      },
      "rot":{
        "x":359.92007446289,
        "y":270.00036621094,
        "z":0.017057426273823
      }
    },
    "b976f6":{
      "lock":false,
      "pos":{
        "x":-43.369998931885,
        "y":1.6532735824585,
        "z":-7.7000203132629
      },
      "rot":{
        "x":359.92010498047,
        "y":270.00018310547,
        "z":0.016839362680912
      }
    },
    "be7797":{
      "lock":false,
      "pos":{
        "x":-36.77318572998,
        "y":1.6440747976303,
        "z":-7.7000193595886
      },
      "rot":{
        "x":359.92010498047,
        "y":270.00021362305,
        "z":0.016839329153299
      }
    },
    "bfc095":{
      "lock":false,
      "pos":{
        "x":-33.264720916748,
        "y":1.646666765213,
        "z":17.765968322754
      },
      "rot":{
        "x":359.92010498047,
        "y":270.00811767578,
        "z":0.016829950734973
      }
    },
    "c21137":{
      "lock":false,
      "pos":{
        "x":-30.220832824707,
        "y":1.6371922492981,
        "z":-0.029834734275937
      },
      "rot":{
        "x":359.92010498047,
        "y":269.97915649414,
        "z":0.016868634149432
      }
    },
    "ca62fc":{
      "lock":false,
      "pos":{
        "x":-17.119909286499,
        "y":1.6053191423416,
        "z":-0.02999098226428
      },
      "rot":{
        "x":359.98315429688,
        "y":1.9105322280666e-05,
        "z":359.92007446289
      }
    },
    "d9e9ca":{
      "lock":false,
      "pos":{
        "x":-43.369953155518,
        "y":1.6577612161636,
        "z":7.5696058273315
      },
      "rot":{
        "x":359.92010498047,
        "y":269.99813842773,
        "z":0.016842188313603
      }
    },
    "dcb241":{
      "lock":false,
      "pos":{
        "x":-3.6181056499481,
        "y":1.582125544548,