{
  "ml":{
    "13e274":{
      "lock":false,
      "position":{
        "x":40.290077209473,
        "y":1.3401244878769,
        "z":-47.419982910156
      },
      "rotation":{
        "x":0.020806422457099,
        "y":270.00854492188,
        "z":0.016774166375399
      }
    },
    "154a13":{
      "lock":false,
      "position":{
        "x":40.2900390625,
        "y":1.3875848054886,
        "z":-61.219982147217
      },
      "rotation":{
        "x":358.45767211914,
        "y":269.96734619141,
        "z":0.016841929405928
      }
    },
    "2b4d36":{
      "lock":false,
      "position":{
        "x":36.624324798584,
        "y":1.3334004878998,
        "z":-65.808258056641
      },
      "rotation":{
        "x":0.020895132794976,
        "y":269.99060058594,
        "z":0.016375856474042
      }
    },
    "37d15e":{
      "lock":false,
      "position":{
        "x":32.985290527344,
        "y":1.3866597414017,
        "z":-56.608333587646
      },
      "rotation":{
        "x":1.5954421758652,
        "y":270.00088500977,
        "z":0.016789084300399
      }
    },
    "497d7f":{
      "lock":false,
      "position":{
        "x":26.950298309326,
        "y":1.351887345314,
        "z":-59.009410858154
      },
      "rotation":{
        "x":359.97918701172,
        "y":90.002754211426,
        "z":359.98321533203
      }
    },
    "509215":{
      "lock":false,
      "position":{
        "x":36.624717712402,
        "y":1.3835654258728,
        "z":-70.408386230469
      },
      "rotation":{
        "x":1.5838969945908,
        "y":270.01550292969,
        "z":0.016900610178709
      }
    },
    "529e79":{
      "lock":false,
      "position":{
        "x":40.290050506592,
        "y":1.3862282037735,
        "z":-65.819831848145
      },
      "rotation":{
        "x":358.45788574219,
        "y":270.03814697266,
        "z":0.016749477013946
      }
    },
    "5c8477":{
      "lock":false,
      "position":{
        "x":36.624473571777,
        "y":1.3374485969543,
        "z":-52.008445739746
      },
      "rotation":{
        "x":0.020822694525123,
        "y":270.00286865234,
        "z":0.016712134703994
      }
    },
    "5cb9b4":{
      "lock":false,
      "position":{
        "x":40.290073394775,
        "y":1.3333896398544,
        "z":-70.419853210449
      },
      "rotation":{
        "x":0.020824052393436,
        "y":269.99038696289,
        "z":0.016680968925357
      }
    },
    "7725ed":{
      "lock":false,
      "position":{
        "x":29.339344024658,
        "y":1.38254737854,
        "z":-65.808380126953
      },
      "rotation":{
        "x":1.5925723314285,
        "y":269.96490478516,
        "z":0.016767973080277
      }
    },
    "7b97ca":{
      "lock":false,
      "position":{
        "x":32.985237121582,
        "y":1.3839626312256,
        "z":-65.808280944824
      },
      "rotation":{
        "x":1.5952993631363,
        "y":269.97723388672,
        "z":0.016804188489914
      }
    },
    "805623":{
      "lock":false,
      "position":{
        "x":36.624370574951,
        "y":1.3875918388367,
        "z":-56.608448028565
      },
      "rotation":{
        "x":1.5835866928101,
        "y":270.0009765625,
        "z":0.016807885840535
      }
    },
    "875764":{
      "lock":false,
      "position":{
        "x":40.29008102417,
        "y":1.3374264240265,
        "z":-56.619983673096
      },
      "rotation":{
        "x":0.0208445712924,
        "y":269.99908447266,
        "z":0.016576072201133
      }
    },
    "94454d":{
      "lock":false,
      "position":{
        "x":29.342065811157,
        "y":1.3866003751755,
        "z":-52.009490966797
      },
      "rotation":{
        "x":1.5927132368088,
        "y":270.17242431641,
        "z":0.017034189775586
      }
    },
    "a7f6c5":{
      "lock":false,
      "position":{
        "x":40.290065765381,
        "y":1.332044005394,
        "z":-75.019973754883
      },
      "rotation":{
        "x":0.02082409337163,
        "y":269.98315429688,
        "z":0.01670909486711
      }
    },
    "b30384":{
      "lock":false,
      "position":{
        "x":29.338985443115,
        "y":1.3294146060944,
        "z":-70.408538818359
      },
      "rotation":{
        "x":0.020864916965365,
        "y":269.97613525391,
        "z":0.016619868576527
      }
    },
    "b58725":{
      "lock":false,
      "position":{
        "x":32.98579788208,
        "y":1.4325709342957,
        "z":-70.408363342285
      },
      "rotation":{
        "x":0.078117571771145,
        "y":269.98806762695,
        "z":0.016575934365392
      }
    },
    "ba3f23":{
      "lock":false,
      "position":{
        "x":40.290061950684,
        "y":1.3902750015259,
        "z":-52.020000457764
      },
      "rotation":{
        "x":358.4577331543,
        "y":270.00384521484,
        "z":0.016799440607429
      }
    },
    "bc94c3":{
      "lock":false,
      "position":{
        "x":32.987148284912,
        "y":1.3880311250687,
        "z":-52.009750366211
      },
      "rotation":{
        "x":1.596261382103,
        "y":270.00350952148,
        "z":0.016709392890334
      }
    },
    "d499ce":{
      "lock":false,
      "position":{
        "x":36.624336242676,
        "y":1.3866348266602,
        "z":-61.208400726318
      },
      "rotation":{
        "x":358.44610595703,
        "y":269.98803710938,
        "z":0.016780585050583
      }
    },
    "dea1a5":{
      "lock":false,
      "position":{
        "x":32.985240936279,
        "y":1.333433508873,
        "z":-61.208278656006
      },
      "rotation":{
        "x":0.02090273797512,
        "y":269.9870300293,
        "z":0.016682783141732
      }
    },
    "dfd6a7":{
      "lock":false,
      "position":{
        "x":25.492269515991,
        "y":1.3334093093872,
        "z":-52.00129699707
      },
      "rotation":{
        "x":0.020804315805435,
        "y":270.01538085938,
        "z":0.016776524484158
      }
    },
    "ec289e":{
      "lock":false,
      "position":{
        "x":36.624382019043,
        "y":1.3822151422501,
        "z":-75.008399963379
      },
      "rotation":{
        "x":1.5838942527771,
        "y":270.00750732422,
        "z":0.016823528334498
      }
    }
  }
}