{
  "ml":{
    "043636":{
      "lock":false,
      "pos":{
        "x":-19.295883178711,
        "y":1.312201499939,
        "z":-69.060707092285
      },
      "rot":{
        "x":0.020808665081859,
        "y":270,
        "z":0.016771204769611
      }
    },
    "38e58a":{
      "lock":false,
      "pos":{
        "x":-22.615692138672,
        "y":1.3109914064407,
        "z":-69.075614929199
      },
      "rot":{
        "x":0.02080942504108,
        "y":269.99990844727,
        "z":0.016771720722318
      }
    },
    "728c1e":{
      "lock":false,
      "pos":{
        "x":-26.300203323364,
        "y":1.3410536050796,
        "z":-69.060600280762
      },
      "rot":{
        "x":0.020809479057789,
        "y":270.0036315918,
        "z":0.016773009672761
      }
    },
    "e1aefa":{
      "lock":false,
      "pos":{
        "x":-16.640291213989,
        "y":1.3131660223007,
        "z":-69.06029510498
      },
      "rot":{
        "x":0.020808255299926,
        "y":270.00003051758,
        "z":0.01676750741899
      }
    }
  }
}