{
  "ml":{
    "022ddf":{
      "lock":false,
      "pos":{
        "x":12.250601768494,
        "y":1.4581570625305,
        "z":-21.305402755737
      },
      "rot":{
        "x":359.92013549805,
        "y":270.005859375,
        "z":0.016865452751517
      }
    },
    "30684d":{
      "lock":false,
      "pos":{
        "x":12.250403404236,
        "y":1.4632766246796,
        "z":-3.919801235199
      },
      "rot":{
        "x":359.92013549805,
        "y":269.99682617188,
        "z":0.016878252848983
      }
    },
    "3f6ab6":{
      "lock":false,
      "pos":{
        "x":-1.2998993396759,
        "y":1.4754413366318,
        "z":-26.761404037476
      },
      "rot":{
        "x":359.92013549805,
        "y":269.99209594727,
        "z":0.01688240095973
      }
    },
    "51c0d9":{
      "lock":false,
      "pos":{
        "x":12.252100944519,
        "y":1.473505616188,
        "z":30.826404571533
      },
      "rot":{
        "x":359.92010498047,
        "y":270.01272583008,
        "z":0.016856096684933
      }
    },
    "61f17f":{
      "lock":false,
      "pos":{
        "x":0.27011626958847,
        "y":1.4896068572998,
        "z":28.776950836182
      },
      "rot":{
        "x":359.92010498047,
        "y":270.01324462891,
        "z":0.016853446140885
      }
    },
    "684060":{
      "lock":false,
      "pos":{
        "x":12.250302314758,
        "y":1.4555809497833,
        "z":-30.054901123047
      },
      "rot":{
        "x":359.92010498047,
        "y":270.02606201172,
        "z":0.016837518662214
      }
    },
    "87adbf":{
      "lock":false,
      "pos":{
        "x":12.250402450562,
        "y":1.4683878421783,
        "z":13.4375
      },
      "rot":{
        "x":359.92010498047,
        "y":270.01898193359,
        "z":0.016847496852279
      }
    },
    "afe7ce":{
      "lock":false,
      "pos":{
        "x":12.250302314758,
        "y":1.4607014656067,
        "z":-12.666101455688
      },
      "rot":{
        "x":359.92013549805,
        "y":270.00726318359,
        "z":0.016863709315658
      }
    },
    "d6e449":{
      "lock":false,
      "pos":{
        "x":12.250303268433,
        "y":1.4658114910126,
        "z":4.6877999305725
      },
      "rot":{
        "x":359.92010498047,
        "y":270.01068115234,
        "z":0.016859086230397
      }
    },
    "e3aa5c":{
      "lock":false,
      "pos":{
        "x":12.250701904297,
        "y":1.4709311723709,
        "z":22.076904296875
      },
      "rot":{
        "x":359.92013549805,
        "y":269.99969482422,
        "z":0.016874060034752
      }
    }
  }
}