{
  "ml":{
    "03052d":{
      "lock":false,
      "pos":{
        "x":-16.640087127686,
        "y":1.3154579401016,
        "z":-61.230991363525
      },
      "rot":{
        "x":0.020808048546314,
        "y":270.00247192383,
        "z":0.016771327704191
      }
    },
    "0d7398":{
      "lock":false,
      "pos":{
        "x":-19.293609619141,
        "y":1.3098953962326,
        "z":-76.941558837891
      },
      "rot":{
        "x":0.020810702815652,
        "y":269.99514770508,
        "z":0.016769321635366
      }
    },
    "171e82":{
      "lock":false,
      "pos":{
        "x":-22.616910934448,
        "y":1.3233366012573,
        "z":-84.818496704102
      },
      "rot":{
        "x":0.020814569666982,
        "y":269.98205566406,
        "z":0.016764925792813
      }
    },
    "359a15":{
      "lock":false,
      "pos":{
        "x":-16.640069961548,
        "y":1.3177529573441,
        "z":-53.390422821045
      },
      "rot":{
        "x":0.020813820883632,
        "y":269.98257446289,
        "z":0.016764575615525
      }
    },
    "37589e":{
      "lock":false,
      "pos":{
        "x":-22.6139087677,
        "y":1.332523226738,
        "z":-53.438133239746
      },
      "rot":{
        "x":0.020803965628147,
        "y":270.01568603516,
        "z":0.016776727512479
      }
    },
    "498a00":{
      "lock":false,
      "pos":{
        "x":-16.640300750732,
        "y":1.3131655454636,
        "z":-69.06031036377
      },
      "rot":{
        "x":0.020809296518564,
        "y":270.00024414062,
        "z":0.016772115603089
      }
    },
    "597c69":{
      "lock":false,
      "pos":{
        "x":-16.639598846436,
        "y":1.3108580112457,
        "z":-76.945648193359
      },
      "rot":{
        "x":0.020810009911656,
        "y":269.99990844727,
        "z":0.01677231118083
      }
    },
    "6e601f":{
      "lock":false,
      "pos":{
        "x":-19.300077438354,
        "y":1.3144911527634,
        "z":-61.233253479004
      },
      "rot":{
        "x":0.020810147747397,
        "y":269.99514770508,
        "z":0.016769545152783
      }
    },
    "74db2c":{
      "lock":false,
      "pos":{
        "x":-16.640243530273,
        "y":1.3085534572601,
        "z":-84.818206787109
      },
      "rot":{
        "x":0.020814752206206,
        "y":269.98187255859,
        "z":0.016765089705586
      }
    },
    "76d8e1":{
      "lock":false,
      "pos":{
        "x":-19.299785614014,
        "y":1.3075876235962,
        "z":-84.818183898926
      },
      "rot":{
        "x":0.020810320973396,
        "y":269.99514770508,
        "z":0.016769509762526
      }
    },
    "acefbf":{
      "lock":false,
      "pos":{
        "x":-19.300020217896,
        "y":1.3167735338211,
        "z":-53.435836791992
      },
      "rot":{
        "x":0.020810227841139,
        "y":269.99514770508,
        "z":0.01676931232214
      }
    },
    "c45c7a":{
      "lock":false,
      "pos":{
        "x":-22.615697860718,
        "y":1.3279452323914,
        "z":-69.075622558594
      },
      "rot":{
        "x":0.020808637142181,
        "y":269.99990844727,
        "z":0.016771517693996
      }
    },
    "eb9311":{
      "lock":false,
      "pos":{
        "x":-22.616966247559,
        "y":1.3302379846573,
        "z":-61.241386413574
      },
      "rot":{
        "x":0.020807826891541,
        "y":270.00268554688,
        "z":0.016772011294961
      }
    },
    "f1b636":{
      "lock":false,
      "pos":{
        "x":-22.615758895874,
        "y":1.3256413936615,
        "z":-76.94603729248
      },
      "rot":{
        "x":0.020809045061469,
        "y":269.9992980957,
        "z":0.016771469265223
      }
    },
    "f64ead":{
      "lock":false,
      "pos":{
        "x":-19.295867919922,
        "y":1.312201499939,
        "z":-69.060691833496
      },
      "rot":{
        "x":0.020810002461076,
        "y":269.99517822266,
        "z":0.016769452020526
      }
    }
  }
}