{
  "ml":{
    "0964f0":{
      "lock":false,
      "position":{
        "x":29.340085983276,
        "y":1.3348016738892,
        "z":-52.009635925293
      },
      "rotation":{
        "x":0.02082678116858,
        "y":270.02844238281,
        "z":0.016677482053638
      }
    },
    "0d397a":{
      "lock":false,
      "position":{
        "x":40.29008102417,
        "y":1.3835558891296,
        "z":-75.019981384277
      },
      "rotation":{
        "x":358.45736694336,
        "y":269.9850769043,
        "z":0.016798377037048
      }
    },
    "21d971":{
      "lock":false,
      "position":{
        "x":40.290065765381,
        "y":1.3848558664322,
        "z":-70.419845581055
      },
      "rotation":{
        "x":358.45877075195,
        "y":269.9870300293,
        "z":0.016795106232166
      }
    },
    "2cce8e":{
      "lock":false,
      "position":{
        "x":32.985301971435,
        "y":1.3374729156494,
        "z":-47.409538269043
      },
      "rotation":{
        "x":0.020819501951337,
        "y":270.02517700195,
        "z":0.016711739823222
      }
    },
    "2d3119":{
      "lock":false,
      "position":{
        "x":40.290058135986,
        "y":1.3889346122742,
        "z":-56.619979858398
      },
      "rotation":{
        "x":358.45755004883,
        "y":269.98379516602,
        "z":0.016783533617854
      }
    },
    "330f36":{
      "lock":false,
      "position":{
        "x":36.624336242676,
        "y":1.390678524971,
        "z":-47.40839767456
      },
      "rotation":{
        "x":358.44607543945,
        "y":270.02944946289,
        "z":0.01681218482554
      }
    },
    "490ee5":{
      "lock":false,
      "position":{
        "x":40.29105758667,
        "y":1.3862506151199,
        "z":-65.819793701172
      },
      "rotation":{
        "x":358.4573059082,
        "y":269.98330688477,
        "z":0.01678236015141
      }
    },
    "491ba2":{
      "lock":false,
      "position":{
        "x":32.984462738037,
        "y":1.3879318237305,
        "z":-52.009616851807
      },
      "rotation":{
        "x":358.44845581055,
        "y":270.03921508789,
        "z":0.016835864633322
      }
    },
    "4bfe23":{
      "lock":false,
      "position":{
        "x":36.624359130859,
        "y":1.3293659687042,
        "z":-79.608268737793
      },
      "rotation":{
        "x":0.020848555490375,
        "y":269.98391723633,
        "z":0.016569638624787
      }
    },
    "53627d":{
      "lock":false,
      "position":{
        "x":32.985305786133,
        "y":1.3320823907852,
        "z":-65.808242797852
      },
      "rotation":{
        "x":0.020865190774202,
        "y":269.98486328125,
        "z":0.016507990658283
      }
    },
    "5fa489":{
      "lock":false,
      "position":{
        "x":29.340078353882,
        "y":1.3825421333313,
        "z":-65.808456420898
      },
      "rotation":{
        "x":1.5923850536346,
        "y":269.98699951172,
        "z":0.016799682751298
      }
    },
    "6f347f":{
      "lock":false,
      "position":{
        "x":36.622165679932,
        "y":1.3320573568344,
        "z":-70.408386230469
      },
      "rotation":{
        "x":0.020858833566308,
        "y":269.99481201172,
        "z":0.016537088900804
      }
    },
    "75474e":{
      "lock":false,
      "position":{
        "x":40.28784942627,
        "y":1.3387686014175,
        "z":-52.020008087158
      },
      "rotation":{
        "x":0.020869724452496,
        "y":269.99029541016,
        "z":0.016440244391561
      }
    },
    "784bfe":{
      "lock":false,
      "position":{
        "x":29.340074539185,
        "y":1.328071475029,
        "z":-75.008567810059
      },
      "rotation":{
        "x":0.020814890041947,
        "y":270.01779174805,
        "z":0.016752298921347
      }
    },
    "7ec346":{
      "lock":false,
      "position":{
        "x":32.985317230225,
        "y":1.3811900615692,
        "z":-75.008361816406
      },
      "rotation":{
        "x":358.44876098633,
        "y":270.00576782227,
        "z":0.016822891309857
      }
    },
    "7fc275":{
      "lock":false,
      "position":{
        "x":40.290069580078,
        "y":1.3916269540787,
        "z":-47.419990539551
      },
      "rotation":{
        "x":358.45758056641,
        "y":270.02322387695,
        "z":0.016811341047287
      }
    },
    "87c00f":{
      "lock":false,
      "position":{
        "x":40.290073394775,
        "y":1.3360849618912,
        "z":-61.219985961914
      },
      "rotation":{
        "x":0.020814234390855,
        "y":269.98162841797,
        "z":0.016764285042882
      }
    },
    "995d75":{
      "lock":false,
      "position":{
        "x":40.290046691895,
        "y":1.3822166919708,
        "z":-79.61988067627
      },
      "rotation":{
        "x":358.45712280273,
        "y":269.98077392578,
        "z":0.016776384785771
      }
    },
    "ad222a":{
      "lock":false,
      "position":{
        "x":36.624355316162,
        "y":1.3361022472382,
        "z":-56.608413696289
      },
      "rotation":{
        "x":0.020826820284128,
        "y":269.98645019531,
        "z":0.016710827127099
      }
    },
    "b1efff":{
      "lock":false,
      "position":{
        "x":32.984798431396,
        "y":1.379909992218,
        "z":-79.60799407959
      },
      "rotation":{
        "x":1.5949174165726,
        "y":269.98016357422,
        "z":0.016792817041278
      }
    },
    "b32939":{
      "lock":false,
      "position":{
        "x":29.338840484619,
        "y":1.3812353610992,
        "z":-70.408340454102
      },
      "rotation":{
        "x":1.5935220718384,
        "y":270.03454589844,
        "z":0.016879497095943
      }
    },
    "b70302":{
      "lock":false,
      "position":{
        "x":36.624320983887,
        "y":1.3825799226761,
        "z":-75.008377075195
      },
      "rotation":{
        "x":358.44668579102,
        "y":269.99670410156,
        "z":0.016816394403577
      }
    },
    "bebff6":{
      "lock":false,
      "position":{
        "x":25.490604400635,
        "y":1.3266682624817,
        "z":-75.028244018555
      },
      "rotation":{
        "x":0.020805481821299,
        "y":270.01147460938,
        "z":0.016775202006102
      }
    },
    "cbbd36":{
      "lock":false,
      "position":{
        "x":32.982177734375,
        "y":1.3826036453247,
        "z":-70.40796661377
      },
      "rotation":{
        "x":1.59503698349,
        "y":269.96408081055,
        "z":0.016715144738555
      }
    },
    "dae6ff":{
      "lock":false,
      "position":{
        "x":36.621780395508,
        "y":1.4393005371094,
        "z":-52.008075714111
      },
      "rotation":{
        "x":359.9621887207,
        "y":270.01586914062,
        "z":0.016755765303969
      }
    },
    "ec83a8":{
      "lock":false,
      "position":{
        "x":36.625431060791,
        "y":1.3852816820145,
        "z":-65.808303833008
      },
      "rotation":{
        "x":358.44641113281,
        "y":269.97973632812,
        "z":0.016783833503723
      }
    }
  }
}