{
  "ml":{
    "0531e5":{
      "lock":false,
      "pos":{
        "x":-16.640087127686,
        "y":1.3618528842926,
        "z":-61.230991363525
      },
      "rot":{
        "x":0.020808605477214,
        "y":270.02746582031,
        "z":0.016778064891696
      }
    },
    "09299a":{
      "lock":false,
      "pos":{
        "x":-22.613903045654,
        "y":1.3155694007873,
        "z":-53.438129425049
      },
      "rot":{
        "x":0.016771337017417,
        "y":180,
        "z":359.97918701172
      }
    },
    "0db936":{
      "lock":false,
      "pos":{
        "x":-16.640047073364,
        "y":1.3614929914475,
        "z":-62.460929870605
      },
      "rot":{
        "x":0.02082191221416,
        "y":269.98068237305,
        "z":0.016761315986514
      }
    },
    "16b750":{
      "lock":false,
      "pos":{
        "x":-19.295873641968,
        "y":1.312201499939,
        "z":-69.060699462891
      },
      "rot":{
        "x":0.020808704197407,
        "y":269.99993896484,
        "z":0.016770947724581
      }
    },
    "1711ef":{
      "lock":false,
      "pos":{
        "x":-19.300077438354,
        "y":1.3144911527634,
        "z":-61.233253479004
      },
      "rot":{
        "x":0.020808801054955,
        "y":270.00009155273,
        "z":0.016771174967289
      }
    },
    "1f168b":{
      "lock":false,
      "pos":{
        "x":-16.640079498291,
        "y":1.3592009544373,
        "z":-70.290596008301
      },
      "rot":{
        "x":0.020817004144192,
        "y":269.99865722656,
        "z":0.01676769927144
      }
    },
    "2da799":{
      "lock":false,
      "pos":{
        "x":-16.640068054199,
        "y":1.3645105361939,
        "z":-52.152027130127
      },
      "rot":{
        "x":0.020816018804908,
        "y":270.00030517578,
        "z":0.016768110916018
      }
    },
    "347bdc":{
      "lock":false,
      "pos":{
        "x":-16.640306472778,
        "y":1.3576159477234,
        "z":-75.705436706543
      },
      "rot":{
        "x":0.02081610262394,
        "y":270.00244140625,
        "z":0.016768779605627
      }
    },
    "37326d":{
      "lock":false,
      "pos":{
        "x":-26.300132751465,
        "y":1.2733777761459,
        "z":-61.240951538086
      },
      "rot":{
        "x":359.97915649414,
        "y":89.991722106934,
        "z":359.98324584961
      }
    },
    "396e28":{
      "lock":false,
      "pos":{
        "x":-26.299577713013,
        "y":1.2664771080017,
        "z":-84.817985534668
      },
      "rot":{
        "x":359.97915649414,
        "y":90.000694274902,
        "z":359.98321533203
      }
    },
    "3a0b7c":{
      "lock":false,
      "pos":{
        "x":-26.299993515015,
        "y":1.2756621837616,
        "z":-53.436836242676
      },
      "rot":{
        "x":359.97915649414,
        "y":90.000030517578,
        "z":359.98321533203
      }
    },
    "4140f8":{
      "lock":false,
      "pos":{
        "x":-19.300025939941,
        "y":1.3167736530304,
        "z":-53.43584060669
      },
      "rot":{
        "x":0.020808728411794,
        "y":270,
        "z":0.016770653426647
      }
    },
    "4ac8be":{
      "lock":false,
      "pos":{
        "x":-16.640066146851,
        "y":1.364147901535,
        "z":-53.390419006348
      },
      "rot":{
        "x":0.020814578980207,
        "y":270.00610351562,
        "z":0.016770094633102
      }
    },
    "4c0961":{
      "lock":false,
      "pos":{
        "x":-22.615692138672,
        "y":1.3109914064407,
        "z":-69.075614929199
      },
      "rot":{
        "x":0.01677124761045,
        "y":179.99987792969,
        "z":359.97918701172
      }
    },
    "54c2dd":{
      "lock":false,
      "pos":{
        "x":-22.616960525513,
        "y":1.3132841587067,
        "z":-61.241386413574
      },
      "rot":{
        "x":0.016771242022514,
        "y":180,
        "z":359.97918701172
      }
    },
    "57ccc6":{
      "lock":false,
      "pos":{
        "x":-22.615692138672,
        "y":1.3109914064407,
        "z":-69.075614929199
      },
      "rot":{
        "x":0.016771402209997,
        "y":180,
        "z":359.97918701172
      }
    },
    "592dfb":{
      "lock":false,
      "pos":{
        "x":-16.639415740967,
        "y":1.3545973300934,
        "z":-86.018608093262
      },
      "rot":{
        "x":0.02081841416657,
        "y":269.99267578125,
        "z":0.016765527427196
      }
    },
    "5d774c":{
      "lock":false,
      "pos":{
        "x":-16.640071868896,
        "y":1.3637877702713,
        "z":-54.620746612549
      },
      "rot":{
        "x":0.020824199542403,
        "y":269.97375488281,
        "z":0.016758147627115
      }
    },
    "61edfd":{
      "lock":false,
      "pos":{
        "x":-19.293621063232,
        "y":1.3268492221832,
        "z":-76.941558837891
      },
      "rot":{
        "x":0.020809413865209,
        "y":270,
        "z":0.016771055757999
      }
    },
    "687b10":{
      "lock":false,
      "pos":{
        "x":-26.300172805786,
        "y":1.268780708313,
        "z":-76.94563293457
      },
      "rot":{
        "x":359.97915649414,
        "y":90.000030517578,
        "z":359.98321533203
      }
    },
    "6b8d4e":{
      "lock":false,
      "pos":{
        "x":-16.640069961548,
        "y":1.362212061882,
        "z":-60.004196166992
      },
      "rot":{
        "x":0.02080806158483,
        "y":270.02783203125,
        "z":0.016778111457825
      }
    },
    "8667e9":{
      "lock":false,
      "pos":{
        "x":-22.616912841797,
        "y":1.3233366012573,
        "z":-84.818504333496
      },
      "rot":{
        "x":0.016779096797109,
        "y":180.02073669434,
        "z":359.97918701172
      }
    },
    "888fcc":{
      "lock":false,
      "pos":{
        "x":-19.299785614014,
        "y":1.3075875043869,
        "z":-84.818183898926
      },
      "rot":{
        "x":0.020808069035411,
        "y":270.00326538086,
        "z":0.016772422939539
      }
    },
    "8d324e":{
      "lock":false,
      "pos":{
        "x":-22.615762710571,
        "y":1.3256413936615,
        "z":-76.946044921875
      },
      "rot":{
        "x":0.016771471127868,
        "y":179.99966430664,
        "z":359.97918701172
      }
    },
    "a31459":{
      "lock":false,
      "pos":{
        "x":-19.295894622803,
        "y":1.312201499939,
        "z":-69.06071472168
      },
      "rot":{
        "x":0.020808801054955,
        "y":269.99993896484,
        "z":0.016770899295807
      }
    },
    "b3b6b9":{
      "lock":false,
      "pos":{
        "x":-16.640243530273,
        "y":1.3549486398697,
        "z":-84.818206787109
      },
      "rot":{
        "x":0.020816350355744,
        "y":270.00021362305,
        "z":0.016768384724855
      }
    },
    "b81d01":{
      "lock":false,
      "pos":{
        "x":-26.300149917602,
        "y":1.2710890769959,
        "z":-69.060592651367
      },
      "rot":{
        "x":359.97918701172,
        "y":90.015701293945,
        "z":359.98321533203
      }
    },
    "bef686":{
      "lock":false,
      "pos":{
        "x":-19.3000831604,
        "y":1.3144911527634,
        "z":-61.233257293701
      },
      "rot":{
        "x":0.020808691158891,
        "y":270,
        "z":0.016770601272583
      }
    },
    "c0a2e9":{
      "lock":false,
      "pos":{
        "x":-16.640083312988,
        "y":1.3599240779877,
        "z":-67.820594787598
      },
      "rot":{
        "x":0.020817091688514,
        "y":269.9970703125,
        "z":0.016767077147961
      }
    },
    "c0d89c":{
      "lock":false,
      "pos":{
        "x":-22.616960525513,
        "y":1.3132841587067,
        "z":-61.241386413574
      },
      "rot":{
        "x":0.016771646216512,
        "y":180,
        "z":359.97918701172
      }
    },
    "c116a8":{
      "lock":false,
      "pos":{
        "x":-22.613903045654,
        "y":1.3155694007873,
        "z":-53.438129425049
      },