{
  "ml":{
    "083fc2":{
      "lock":false,
      "pos":{
        "x":-10.85000038147,
        "y":1.4111547470093,
        "z":-1.3456724882126
      },
      "rot":{
        "x":0.079979762434959,
        "y":90.00146484375,
        "z":359.9831237793
      }
    },
    "0b6166":{
      "lock":false,
      "pos":{
        "x":-30.2242,
        "y":1.6931,
        "z":-7.7
      },
      "rot":{
        "x":359.9201,
        "y":269.9998,
        "z":0.0169
      }
    },
    "116eb9":{
      "lock":false,
      "pos":{
        "x":-17.12,
        "y":1.6793,
        "z":7.57
      },
      "rot":{
        "x":359.9201,
        "y":269.9999,
        "z":0.0169
      }
    },
    "1ed6d5":{
      "lock":false,
      "pos":{
        "x":-26.8623,
        "y":1.6176,
        "z":-4.4728
      },
      "rot":{
        "x":0.0446,
        "y":44.9999,
        "z":359.9316
      }
    },
    "25652c":{
      "lock":false,
      "pos":{
        "x":-23.6765,
        "y":1.6167,
        "z":7.57
      },
      "rot":{
        "x":359.9201,
        "y":270.011,
        "z":0.0169
      }
    },
    "29d606":{
      "lock":false,
      "pos":{
        "x":-2.7245988845825,
        "y":1.5989924669266,
        "z":0.37330141663551
      },
      "rot":{
        "x":0.016836008056998,
        "y":180,
        "z":0.08025511354208
      }
    },
    "45341b":{
      "lock":false,
      "pos":{
        "x":-23.676477432251,
        "y":1.6303000450134,
        "z":7.5699849128723
      },
      "rot":{
        "x":359.92010498047,
        "y":270.02758789062,
        "z":0.016801152378321
      }
    },
    "4541f6":{
      "lock":false,
      "pos":{
        "x":-23.6765,
        "y":1.6862,
        "z":-0.0299
      },
      "rot":{
        "x":359.9218,
        "y":269.9987,
        "z":0.016
      }
    },
    "47b306":{
      "lock":false,
      "pos":{
        "x":-30.2244,
        "y":1.6909,
        "z":-15.28
      },
      "rot":{
        "x":359.9201,
        "y":269.9996,
        "z":0.0169
      }
    },
    "4901f8":{
      "lock":false,
      "pos":{
        "x":-26.8973,
        "y":1.619,
        "z":-0.0345
      },
      "rot":{
        "x":359.9201,
        "y":270.0111,
        "z":0.0169
      }
    },
    "4bd010":{
      "lock":false,
      "pos":{
        "x":-36.7731,
        "y":1.7045,
        "z":-0.03
      },
      "rot":{
        "x":359.9201,
        "y":269.9998,
        "z":0.0169
      }
    },
    "52e361":{
      "lock":false,
      "pos":{
        "x":-15.0137,
        "y":1.6712,
        "z":-9.996
      },
      "rot":{
        "x":359.9201,
        "y":270,
        "z":0.0169
      }
    },
    "556e96":{
      "lock":false,
      "pos":{
        "x":-3.9274134635925,
        "y":1.7636343240738,
        "z":5.7571039199829
      },
      "rot":{
        "x":359.91973876953,
        "y":270,
        "z":180.01681518555
      }
    },
    "58e1e2":{
      "lock":false,
      "pos":{
        "x":-2.6884996891022,
        "y":1.6143025159836,
        "z":-5.0485000610352
      },
      "rot":{
        "x":0.016835683956742,
        "y":180,
        "z":0.080255754292011
      }
    },
    "64a96b":{
      "lock":false,
      "pos":{
        "x":-17.1201,
        "y":1.6748,
        "z":-7.7
      },
      "rot":{
        "x":359.9201,
        "y":269.9999,
        "z":0.0169
      }
    },
    "66197b":{
      "lock":false,
      "pos":{
        "x":-3.9912,
        "y":1.6632,
        "z":15.0046
      },
      "rot":{
        "x":359.9197,
        "y":269.9999,
        "z":0.0168
      }
    },
    "70df0b":{
      "lock":false,
      "pos":{
        "x":-30.2243,
        "y":1.6976,
        "z":7.57
      },
      "rot":{
        "x":359.9201,
        "y":269.9998,
        "z":0.0169
      }
    },
    "7234af":{
      "lock":false,
      "pos":{
        "x":-33.6012,
        "y":1.6283,
        "z":-0.1123
      },
      "rot":{
        "x":359.9201,
        "y":270.0112,
        "z":0.0169
      }
    },
    "739b98":{
      "lock":false,
      "pos":{
        "x":-27.0616,
        "y":1.6204,
        "z":3.8989
      },
      "rot":{
        "x":359.9315,
        "y":314.9926,
        "z":359.9554
      }
    },
    "7c8eef":{
      "lock":false,
      "pos":{
        "x":-3.8412911891937,
        "y":1.5824331045151,
        "z":-15.004378318787
      },
      "rot":{
        "x":359.91973876953,
        "y":269.99993896484,
        "z":0.016837894916534
      }
    },
    "7d30ce":{
      "lock":false,
      "pos":{
        "x":-20.5607,
        "y":1.6091,
        "z":-3.6976
      },
      "rot":{
        "x":359.9316,
        "y":314.9958,
        "z":359.9554
      }
    },
    "7f6452":{
      "lock":false,
      "pos":{
        "x":-14.7653,
        "y":1.751,
        "z":5.0207
      },
      "rot":{
        "x":357.2015,
        "y":0.0614,
        "z":359.919
      }
    },
    "7f7fb0":{
      "lock":false,
      "pos":{
        "x":-1.4652972221375,
        "y":1.475622177124,
        "z":-26.930419921875
      },
      "rot":{
        "x":359.92013549805,
        "y":269.99868774414,
        "z":0.016874274238944
      }
    },
    "7faf81":{
      "lock":false,
      "pos":{
        "x":-17.119932174683,
        "y":1.6189239025116,
        "z":-0.030015522614121
      },
      "rot":{
        "x":359.92010498047,
        "y":269.97610473633,
        "z":0.016872828826308
      }
    },
    "89f865":{
      "lock":false,
      "pos":{
        "x":-20.306365966797,
        "y":1.6096739768982,
        "z":-0.33069369196892
      },
      "rot":{
        "x":359.92010498047,
        "y":269.99673461914,
        "z":0.016872266307473
      }
    },
    "8fffb7":{
      "lock":false,
      "pos":{
        "x":-26.940320968628,
        "y":1.6189481019974,
        "z":-0.24995610117912
      },
      "rot":{
        "x":359.92010498047,
        "y":269.99664306641,
        "z":0.016872134059668
      }
    },
    "90bb07":{
      "lock":false,
      "pos":{
        "x":-23.676513671875,
        "y":1.6269497871399,
        "z":-3.8300130367279
      },
      "rot":{
        "x":359.92010498047,
        "y":269.99975585938,
        "z":0.016839819028974
      }
    },
    "911f8c":{
      "lock":false,
      "pos":{
        "x":-36.773101806641,
        "y":1.6463289260864,
        "z":-0.030002512037754
      },
      "rot":{
        "x":359.92010498047,
        "y":269.99938964844,
        "z":0.016840424388647
      }
    },
    "9a3039":{
      "lock":false,
      "pos":{
        "x":-30.224172592163,
        "y":1.6371967792511,
        "z":-0.030014829710126
      },
      "rot":{
        "x":359.92010498047,
        "y":269.98846435547,
        "z":0.016855740919709
      }
    },
    "a2fcc1":{
      "lock":false,
      "pos":{
        "x":-3.9560186862946,
        "y":1.5975394248962,
        "z":-10.441202163696
      },
      "rot":{
        "x":359.91973876953,
        "y":269.99969482422,
        "z":0.016837578266859
      }
    },
    "b00f35":{
      "lock":false,
      "pos":{
        "x":-30.2242,
        "y":1.6954,
        "z":-0.03
      },
      "rot":{
        "x":359.9201,
        "y":270.0001,
        "z":0.0169
      }
    },
    "b58f4c":{
      "lock":false,
      "pos":{
        "x":-2.7247,
        "y":1.6571,
        "z":0.3733
      },
      "rot":{
        "x":0.0168,
        "y":180,
        "z":0.0803
      }
    },
    "b5928a":{
      "lock":false,
      "pos":{
        "x":-4.1450018882752,
        "y":1.5828107595444,
        "z":-15.167207717896
      },
      "rot":{
        "x":359.91973876953,
        "y":270.00134277344,
        "z":0.016835855320096
      }
    },
    "b68edf":{
      "lock":false,
      "pos":{
        "x":-26.690259933472,
        "y":1.6196819543839,
        "z":3.4335298538208
      },
      "rot":{
        "x":359.95541381836,
        "y":224.99975585938,
        "z":0.068380951881409
      }
    },
    "b8e732":{
      "lock":false,