{
  "ml":{
    "044e36":{
      "lock":false,
      "position":{
        "x":32.984603881836,
        "y":1.3893296718597,
        "z":-47.40943145752
      },
      "rotation":{
        "x":1.5947169065475,
        "y":269.98599243164,
        "z":0.016839416697621
      }
    },
    "256a94":{
      "lock":false,
      "position":{
        "x":32.985317230225,
        "y":1.326700091362,
        "z":-84.208297729492
      },
      "rotation":{
        "x":0.020869268104434,
        "y":269.98504638672,
        "z":0.016649767756462
      }
    },
    "271e9a":{
      "lock":false,
      "position":{
        "x":40.289875030518,
        "y":1.3822051286697,
        "z":-79.619888305664
      },
      "rotation":{
        "x":358.45755004883,
        "y":269.98217773438,
        "z":0.016778890043497
      }
    },
    "30d019":{
      "lock":false,
      "position":{
        "x":36.624320983887,
        "y":1.3361023664475,
        "z":-56.608386993408
      },
      "rotation":{
        "x":0.020841132849455,
        "y":270.00732421875,
        "z":0.01672563329339
      }
    },
    "3549ff":{
      "lock":false,
      "position":{
        "x":40.287033081055,
        "y":1.3293461799622,
        "z":-84.219825744629
      },
      "rotation":{
        "x":0.020831245929003,
        "y":269.97470092773,
        "z":0.016555359587073
      }
    },
    "3948b5":{
      "lock":false,
      "position":{
        "x":40.290069580078,
        "y":1.3360849618912,
        "z":-61.219989776611
      },
      "rotation":{
        "x":0.020813690498471,
        "y":269.9833984375,
        "z":0.016764953732491
      }
    },
    "3ac9be":{
      "lock":false,
      "position":{
        "x":32.986770629883,
        "y":1.3293942213059,
        "z":-75.008331298828
      },
      "rotation":{
        "x":0.020856583490968,
        "y":269.98934936523,
        "z":0.01666434854269
      }
    },
    "513b6f":{
      "lock":false,
      "position":{
        "x":40.28759765625,
        "y":1.3320397138596,
        "z":-75.020042419434
      },
      "rotation":{
        "x":0.020829437300563,
        "y":269.98208618164,
        "z":0.016582451760769
      }
    },
    "5b18f5":{
      "lock":false,
      "position":{
        "x":36.624103546143,
        "y":1.4306715726852,
        "z":-75.008399963379
      },
      "rotation":{
        "x":0.021011332049966,
        "y":269.98968505859,
        "z":0.016358569264412
      }
    },
    "69f081":{
      "lock":false,
      "position":{
        "x":36.624542236328,
        "y":1.3387922048569,
        "z":-47.408332824707
      },
      "rotation":{
        "x":0.020853938534856,
        "y":269.95739746094,
        "z":0.016582444310188
      }
    },
    "7cc49f":{
      "lock":false,
      "position":{
        "x":40.289100646973,
        "y":1.3902901411057,
        "z":-52.019981384277
      },
      "rotation":{
        "x":358.45727539062,
        "y":270.00674438477,
        "z":0.016783325001597
      }
    },
    "89227a":{
      "lock":false,
      "position":{
        "x":40.2900390625,
        "y":1.3889344930649,
        "z":-56.620029449463
      },
      "rotation":{
        "x":358.45751953125,
        "y":270.00259399414,
        "z":0.016799226403236
      }
    },
    "90a381":{
      "lock":false,
      "position":{
        "x":25.487640380859,
        "y":1.3334074020386,
        "z":-52.001750946045
      },
      "rotation":{
        "x":0.020813705399632,
        "y":269.9833984375,
        "z":0.016764858737588
      }
    },
    "ad3576":{
      "lock":false,
      "position":{
        "x":32.985294342041,
        "y":1.4360947608948,
        "z":-52.009624481201
      },
      "rotation":{
        "x":0.021069763228297,
        "y":269.97979736328,
        "z":0.016714161261916
      }
    },
    "b2b345":{
      "lock":false,
      "position":{
        "x":36.62052154541,
        "y":1.427973985672,
        "z":-84.208526611328
      },
      "rotation":{
        "x":0.021032514050603,
        "y":269.98138427734,
        "z":0.016605988144875
      }
    },
    "ba2453":{
      "lock":false,
      "position":{
        "x":36.624645233154,
        "y":1.3374434709549,
        "z":-52.008209228516
      },
      "rotation":{
        "x":0.020855853334069,
        "y":270.00241088867,
        "z":0.01650133728981
      }
    },
    "c36a9f":{
      "lock":false,
      "position":{
        "x":40.290069580078,
        "y":1.3333920240402,
        "z":-70.419845581055
      },
      "rotation":{
        "x":0.020814958959818,
        "y":269.97894287109,
        "z":0.016763377934694
      }
    },
    "d15fee":{
      "lock":false,
      "position":{
        "x":40.28870010376,
        "y":1.3916627168655,
        "z":-47.41996383667
      },
      "rotation":{
        "x":358.45645141602,
        "y":269.96185302734,
        "z":0.016747670248151
      }
    },
    "e2f73e":{
      "lock":false,
      "position":{
        "x":29.337785720825,
        "y":1.3348008394241,
        "z":-52.009918212891
      },
      "rotation":{
        "x":0.020850870758295,
        "y":269.9826965332,
        "z":0.016666444018483
      }
    },
    "f97453":{
      "lock":false,
      "position":{
        "x":36.624355316162,
        "y":1.3293697834015,
        "z":-79.608276367188
      },
      "rotation":{
        "x":0.020797463133931,
        "y":269.98425292969,
        "z":0.0167127083987
      }
    }
  }
}