{
  "ml":{
    "04e814":{
      "lock":false,
      "pos":{
        "x":-16.636123657227,
        "y":1.357618689537,
        "z":-75.70125579834
      },
      "rot":{
        "x":0.020820071920753,
        "y":269.98767089844,
        "z":0.016763664782047
      }
    },
    "07b86c":{
      "lock":false,
      "pos":{
        "x":-16.636117935181,
        "y":1.3595638275146,
        "z":-69.056121826172
      },
      "rot":{
        "x":0.020816361531615,
        "y":270.00021362305,
        "z":0.016768265515566
      }
    },
    "0a9dcf":{
      "lock":false,
      "pos":{
        "x":-19.295894622803,
        "y":1.3291552066803,
        "z":-69.060691833496
      },
      "rot":{
        "x":0.020802516490221,
        "y":270.02349853516,
        "z":0.016779288649559
      }
    },
    "20a1ae":{
      "lock":false,
      "pos":{
        "x":-22.615762710571,
        "y":1.3086875677109,
        "z":-76.946044921875
      },
      "rot":{
        "x":0.016771724447608,
        "y":180.00105285644,
        "z":359.97918701172
      }
    },
    "246187":{
      "lock":false,
      "pos":{
        "x":-16.635917663574,
        "y":1.3592036962509,
        "z":-70.286422729492
      },
      "rot":{
        "x":0.020816361531615,
        "y":270.00003051758,
        "z":0.01676837913692
      }
    },
    "25a9d0":{
      "lock":false,
      "pos":{
        "x":-26.300174713135,
        "y":1.2687805891037,
        "z":-76.94563293457
      },
      "rot":{
        "x":359.97915649414,
        "y":90.000122070312,
        "z":359.98321533203
      }
    },
    "3178b4":{
      "lock":false,
      "pos":{
        "x":-16.633617401123,
        "y":1.3637895584106,
        "z":-54.622901916504
      },
      "rot":{
        "x":0.02087627351284,
        "y":269.7958984375,
        "z":0.016693983227014
      }
    },
    "39c9b4":{
      "lock":false,
      "pos":{
        "x":-16.634391784668,
        "y":1.3553255796432,
        "z":-83.537338256836
      },
      "rot":{
        "x":0.020816572010517,
        "y":270.00082397461,
        "z":0.016768410801887
      }
    },
    "41625c":{
      "lock":false,
      "pos":{
        "x":-19.300096511841,
        "y":1.3144911527634,
        "z":-61.233196258545
      },
      "rot":{
        "x":0.020803358405829,
        "y":270.01770019531,
        "z":0.016777547076345
      }
    },
    "523bbe":{
      "lock":false,
      "pos":{
        "x":-22.615694046021,
        "y":1.3279452323914,
        "z":-69.075592041016
      },
      "rot":{
        "x":0.016773454844952,
        "y":180.00579833984,
        "z":359.97918701172
      }
    },
    "5d43bb":{
      "lock":false,
      "pos":{
        "x":-16.635219573975,
        "y":1.354600071907,
        "z":-86.014427185059
      },
      "rot":{
        "x":0.020816683769226,
        "y":269.99890136719,
        "z":0.016767747700214
      }
    },
    "62acb6":{
      "lock":false,
      "pos":{
        "x":-26.300193786621,
        "y":1.2710889577866,
        "z":-69.060607910156
      },
      "rot":{
        "x":359.97918701172,
        "y":90.000099182129,
        "z":359.98321533203
      }
    },
    "7b6ae4":{
      "lock":false,
      "pos":{
        "x":-16.635408401489,
        "y":1.3572559356689,
        "z":-76.941474914551
      },
      "rot":{
        "x":0.020817171782255,
        "y":269.99890136719,
        "z":0.016767803579569
      }
    },
    "89f1f7":{
      "lock":false,
      "pos":{
        "x":-22.616342544556,
        "y":1.3063831329346,
        "z":-84.818489074707
      },
      "rot":{
        "x":0.016783075407147,
        "y":180.0319519043,
        "z":359.97918701172
      }
    },
    "8d7701":{
      "lock":false,
      "pos":{
        "x":-16.636060714722,
        "y":1.3549512624741,
        "z":-84.814025878906
      },
      "rot":{
        "x":0.020813550800085,
        "y":270.00894165039,
        "z":0.016770923510194
      }
    },
    "9bdc2f":{
      "lock":false,
      "pos":{
        "x":-16.635917663574,
        "y":1.3618556261063,
        "z":-61.22681427002
      },
      "rot":{
        "x":0.02081685513258,
        "y":270.00009155273,
        "z":0.016768144443631
      }
    },
    "acabdf":{
      "lock":false,
      "pos":{
        "x":-22.613903045654,
        "y":1.3155694007873,
        "z":-53.438129425049
      },
      "rot":{
        "x":0.01676701195538,
        "y":179.98796081543,
        "z":359.97918701172
      }
    },
    "ae39ed":{
      "lock":false,
      "pos":{
        "x":-26.300098419189,
        "y":1.2733777761459,
        "z":-61.24100112915
      },
      "rot":{
        "x":359.97915649414,
        "y":90,
        "z":359.98321533203
      }
    },
    "b18047":{
      "lock":false,
      "pos":{
        "x":-22.616960525513,
        "y":1.3132841587067,
        "z":-61.241386413574
      },
      "rot":{
        "x":0.016771437600255,
        "y":179.99990844727,
        "z":359.97918701172
      }
    },
    "c72b69":{
      "lock":false,
      "pos":{
        "x":-16.635820388794,
        "y":1.3645132780075,
        "z":-52.147811889648
      },
      "rot":{
        "x":0.020812688395381,
        "y":270.01251220703,
        "z":0.016772456467152
      }
    },
    "c81217":{
      "lock":false,
      "pos":{
        "x":-19.299995422363,
        "y":1.3167735338211,
        "z":-53.435794830322
      },
      "rot":{
        "x":0.020801991224289,
        "y":270.02319335938,
        "z":0.01677955687046
      }
    },
    "d28c9a":{
      "lock":false,
      "pos":{
        "x":-19.293609619141,
        "y":1.3098953962326,
        "z":-76.941551208496
      },
      "rot":{
        "x":0.02080050855875,
        "y":270.02868652344,
        "z":0.016781341284514
      }
    },
    "dbd56b":{
      "lock":false,
      "pos":{
        "x":-16.635812759399,
        "y":1.3641506433487,
        "z":-53.386222839355
      },
      "rot":{
        "x":0.020815601572394,
        "y":270.00048828125,
        "z":0.016768034547567
      }
    },
    "e46816":{
      "lock":false,
      "pos":{
        "x":-16.635925292969,
        "y":1.359926700592,
        "z":-67.816413879395
      },
      "rot":{
        "x":0.020815463736653,
        "y":270.00048828125,
        "z":0.016768155619502
      }
    },
    "e69e6d":{
      "lock":false,
      "pos":{
        "x":-16.635816574097,
        "y":1.3614956140518,
        "z":-62.456718444824
      },
      "rot":{
        "x":0.0208171736449,
        "y":269.99993896484,
        "z":0.016767932102084
      }
    },
    "e7f6e7":{
      "lock":false,
      "pos":{
        "x":-22.615692138672,
        "y":1.3279452323914,
        "z":-69.075614929199
      },
      "rot":{
        "x":0.016775874421001,
        "y":180.01214599609,
        "z":359.97918701172
      }
    },
    "ed4b06":{
      "lock":false,
      "pos":{
        "x":-19.299785614014,
        "y":1.3075875043869,
        "z":-84.818183898926
      },
      "rot":{
        "x":0.020811919122934,
        "y":269.98937988281,
        "z":0.016767218708992
      }
    },
    "ed6ea8":{
      "lock":false,
      "pos":{
        "x":-16.635948181152,
        "y":1.3568956851959,
        "z":-78.171478271484
      },
      "rot":{
        "x":0.020817350596189,
        "y":269.99639892578,
        "z":0.016766626387835
      }
    },
    "edb898":{
      "lock":false,
      "pos":{
        "x":-26.29958152771,
        "y":1.2664768695831,
        "z":-84.817985534668
      },
      "rot":{
        "x":359.97915649414,
        "y":90.000114440918,
        "z":359.98321533203
      }
    },
    "f8af18":{
      "lock":false,
      "pos":{
        "x":-26.299991607666,
        "y":1.2756620645523,
        "z":-53.436798095703
      },
      "rot":{
        "x":359.97915649414,
        "y":90.000099182129,
        "z":359.98324584961
      }
    },
    "f9c822":{
      "lock":false,
      "pos":{
        "x":-16.640100479126,