{
  "ml":{
    "057e04":{
      "lock":false,
      "pos":{
        "x":-16.639598846436,
        "y":1.310858130455,
        "z":-76.945648193359
      },
      "rot":{
        "x":0.020809888839722,
        "y":269.99945068359,
        "z":0.01677200011909
      }
    },
    "06fcb2":{
      "lock":false,
      "pos":{
        "x":-22.615755081177,
        "y":1.3256413936615,
        "z":-76.94603729248
      },
      "rot":{
        "x":0.020808782428503,
        "y":270.0002746582,
        "z":0.016771713271737
      }
    },
    "08ab92":{
      "lock":false,
      "pos":{
        "x":-19.293609619141,
        "y":1.3098953962326,
        "z":-76.941551208496
      },
      "rot":{
        "x":0.020808521658182,
        "y":270.00003051758,
        "z":0.016771141439676
      }
    },
    "212311":{
      "lock":false,
      "pos":{
        "x":-22.615684509277,
        "y":1.3279452323914,
        "z":-69.075607299805
      },
      "rot":{
        "x":0.020808300003409,
        "y":269.99981689453,
        "z":0.016770459711552
      }
    },
    "3c216d":{
      "lock":false,
      "pos":{
        "x":-16.640243530273,
        "y":1.3085534572601,
        "z":-84.818206787109
      },
      "rot":{
        "x":0.020811125636101,
        "y":269.99920654297,
        "z":0.016772769391537
      }
    },
    "55809d":{
      "lock":false,
      "pos":{
        "x":-19.300064086914,
        "y":1.3144911527634,
        "z":-61.233242034912
      },
      "rot":{
        "x":0.020808426663279,
        "y":269.99993896484,
        "z":0.016771079972386
      }
    },
    "600e41":{
      "lock":false,
      "pos":{
        "x":-22.613916397095,
        "y":1.332523226738,
        "z":-53.438137054443
      },
      "rot":{
        "x":0.020808175206184,
        "y":270.0012512207,
        "z":0.016770701855421
      }
    },
    "6011c1":{
      "lock":false,
      "pos":{
        "x":-22.61696434021,
        "y":1.3302379846573,
        "z":-61.241386413574
      },
      "rot":{
        "x":0.02080873772502,
        "y":269.99990844727,
        "z":0.016770888119936
      }
    },
    "6e7ea8":{
      "lock":false,
      "pos":{
        "x":-19.295877456665,
        "y":1.312201499939,
        "z":-69.060707092285
      },
      "rot":{
        "x":0.020809460431337,
        "y":270,
        "z":0.016771033406258
      }
    },
    "b1256b":{
      "lock":false,
      "pos":{
        "x":-16.640087127686,
        "y":1.3154579401016,
        "z":-61.230991363525
      },
      "rot":{
        "x":0.020809026435018,
        "y":269.99877929688,
        "z":0.016770074144006
      }
    },
    "c72bdd":{
      "lock":false,
      "pos":{
        "x":-16.640069961548,
        "y":1.3177528381348,
        "z":-53.390422821045
      },
      "rot":{
        "x":0.020809175446629,
        "y":269.99981689453,
        "z":0.016770334914327
      }
    },
    "d2913a":{
      "lock":false,
      "pos":{
        "x":-16.640300750732,
        "y":1.3131659030914,
        "z":-69.06031036377
      },
      "rot":{
        "x":0.020810903981328,
        "y":270,
        "z":0.016772877424955
      }
    },
    "ecaa8c":{
      "lock":false,
      "pos":{
        "x":-19.299785614014,
        "y":1.3075876235962,
        "z":-84.818183898926
      },
      "rot":{
        "x":0.020809359848499,
        "y":270,
        "z":0.016770990565419
      }
    },
    "f89508":{
      "lock":false,
      "pos":{
        "x":-19.300020217896,
        "y":1.3167735338211,
        "z":-53.435836791992
      },
      "rot":{
        "x":0.020808905363083,
        "y":270.00012207031,
        "z":0.01677112840116
      }
    },
    "f9d436":{
      "lock":false,
      "pos":{
        "x":-22.616920471191,
        "y":1.3233366012573,
        "z":-84.818511962891
      },
      "rot":{
        "x":0.020808724686503,
        "y":270.00003051758,
        "z":0.016771396622062
      }
    }
  }
}