{
  "ml":{
    "1b6773":{
      "lock":false,
      "pos":{
        "x":-19.546762466431,
        "y":1.3130666017532,
        "z":-65.793853759766
      },
      "rot":{
        "x":0.02080324664712,
        "y":270.01837158203,
        "z":0.016777789220214
      }
    },
    "41424c":{
      "lock":false,
      "pos":{
        "x":-22.580516815186,
        "y":1.3125541210175,
        "z":-63.780750274658
      },
      "rot":{
        "x":0.020810954272747,
        "y":269.99114990234,
        "z":0.01676749996841
      }
    },
    "647b40":{
      "lock":false,
      "pos":{
        "x":-22.602825164795,
        "y":1.3102430105209,
        "z":-71.648483276367
      },
      "rot":{
        "x":0.020810792222619,
        "y":269.99114990234,
        "z":0.016767431050539
      }
    },
    "9a67bf":{
      "lock":false,
      "pos":{
        "x":-22.642568588257,
        "y":1.3095154762268,
        "z":-74.084617614746
      },
      "rot":{
        "x":0.020810870453715,
        "y":269.9912109375,
        "z":0.01676743850112
      }
    },
    "9e4397":{
      "lock":false,
      "pos":{
        "x":-22.596441268921,
        "y":1.3117951154709,
        "z":-66.353652954102
      },
      "rot":{
        "x":0.020811084657907,
        "y":269.99072265625,
        "z":0.016767123714089
      }
    },
    "d467b7":{
      "lock":false,
      "pos":{
        "x":-19.729860305786,
        "y":1.3120605945587,
        "z":-69.003479003906
      },
      "rot":{
        "x":0.020799839869142,
        "y":270.02886962891,
        "z":0.016779338940978
      }
    },
    "dd312f":{
      "lock":false,
      "pos":{
        "x":-19.508230209351,
        "y":1.3112193346024,
        "z":-72.152503967285
      },
      "rot":{
        "x":0.016768060624599,
        "y":179.99166870117,
        "z":359.97918701172
      }
    },
    "e43300":{
      "lock":false,
      "pos":{
        "x":-22.615692138672,
        "y":1.3109914064407,
        "z":-69.075614929199
      },
      "rot":{
        "x":0.020810524001718,
        "y":269.99304199219,
        "z":0.016768742352724
      }
    }
  }
}