{
  "ml":{
    "00527b":{
      "lock":false,
      "pos":{
        "x":-16.631227493286,
        "y":1.3572586774826,
        "z":-76.937278747559
      },
      "rot":{
        "x":0.020810412243009,
        "y":270.01870727539,
        "z":0.016774522140622
      }
    },
    "056d00":{
      "lock":false,
      "pos":{
        "x":-16.631689071655,
        "y":1.3592064380646,
        "z":-70.282211303711
      },
      "rot":{
        "x":0.020805425941944,
        "y":270.03869628906,
        "z":0.016782056540251
      }
    },
    "0b0759":{
      "lock":false,
      "pos":{
        "x":-16.631853103638,
        "y":1.3549540042877,
        "z":-84.809852600098
      },
      "rot":{
        "x":0.020816123113036,
        "y":270.00012207031,
        "z":0.016768196597695
      }
    },
    "104227":{
      "lock":false,
      "pos":{
        "x":-16.631759643555,
        "y":1.3568983078003,
        "z":-78.167289733887
      },
      "rot":{
        "x":0.020809156820178,
        "y":270.02655029297,
        "z":0.016778122633696
      }
    },
    "196166":{
      "lock":false,
      "pos":{
        "x":-16.63169670105,
        "y":1.3641535043716,
        "z":-53.382049560547
      },
      "rot":{
        "x":0.02081635966897,
        "y":269.99957275391,
        "z":0.016767702996731
      }
    },
    "3db200":{
      "lock":false,
      "pos":{
        "x":-16.631675720215,
        "y":1.3637932538986,
        "z":-54.612365722656
      },
      "rot":{
        "x":0.020816111937165,
        "y":269.9997253418,
        "z":0.016767675057054
      }
    },
    "4478ea":{
      "lock":false,
      "pos":{
        "x":-22.616889953613,
        "y":1.3063827753067,
        "z":-84.818481445312
      },
      "rot":{
        "x":0.01677674613893,
        "y":180.01452636719,
        "z":359.97918701172
      }
    },
    "4d0128":{
      "lock":false,
      "pos":{
        "x":-19.293586730957,
        "y":1.3098953962326,
        "z":-76.941528320312
      },
      "rot":{
        "x":0.02081186696887,
        "y":269.9895324707,
        "z":0.016767084598541
      }
    },
    "50d446":{
      "lock":false,
      "pos":{
        "x":-16.631921768189,
        "y":1.3576214313507,
        "z":-75.697052001953
      },
      "rot":{
        "x":0.020811516791582,
        "y":270.01849365234,
        "z":0.016774728894234
      }
    },
    "558d29":{
      "lock":false,
      "pos":{
        "x":-22.613882064819,
        "y":1.3155694007873,
        "z":-53.438110351562
      },
      "rot":{
        "x":0.016779214143753,
        "y":180.02151489258,
        "z":359.97918701172
      }
    },
    "57aa9d":{
      "lock":false,
      "pos":{
        "x":-16.631694793701,
        "y":1.3622184991836,
        "z":-59.992614746094
      },
      "rot":{
        "x":0.020816039294004,
        "y":269.99993896484,
        "z":0.016768438741565
      }
    },
    "5ee302":{
      "lock":false,
      "pos":{
        "x":-16.634441375732,
        "y":1.359565615654,
        "z":-69.051910400391
      },
      "rot":{
        "x":0.02080855704844,
        "y":270.02862548828,
        "z":0.016778264194727
      }
    },
    "5f0f71":{
      "lock":false,
      "pos":{
        "x":-16.608024597168,
        "y":1.354611158371,
        "z":-86.010780334473
      },
      "rot":{
        "x":0.020830050110817,
        "y":269.95367431641,
        "z":0.016750741750002
      }
    },
    "6ebbd1":{
      "lock":false,
      "pos":{
        "x":-16.631666183472,
        "y":1.3614983558655,
        "z":-62.452537536621
      },
      "rot":{
        "x":0.020816130563617,
        "y":269.99981689453,
        "z":0.016767920926213
      }
    },
    "7a57bc":{
      "lock":false,
      "pos":{
        "x":-16.634931564331,
        "y":1.3618572950363,
        "z":-61.222618103027
      },
      "rot":{
        "x":0.020821142941713,
        "y":269.98440551758,
        "z":0.016762431710959
      }
    },
    "7be455":{
      "lock":false,
      "pos":{
        "x":-16.624374389648,
        "y":1.355327963829,
        "z":-83.54167175293
      },
      "rot":{
        "x":0.020798359066248,
        "y":270.06106567383,
        "z":0.016790129244328
      }
    },
    "865caa":{
      "lock":false,
      "pos":{
        "x":-16.631700515747,
        "y":1.3599294424057,
        "z":-67.812194824219
      },
      "rot":{
        "x":0.02080849185586,
        "y":270.02810668945,
        "z":0.016778141260147
      }
    },
    "87d2f7":{
      "lock":false,
      "pos":{
        "x":-22.615669250488,
        "y":1.3109914064407,
        "z":-69.075592041016
      },
      "rot":{
        "x":0.016778329387307,
        "y":180.01918029785,
        "z":359.97918701172
      }
    },
    "9b0047":{
      "lock":false,
      "pos":{
        "x":-16.631694793701,
        "y":1.3645160198212,
        "z":-52.143653869629
      },
      "rot":{
        "x":0.020815964788198,
        "y":269.99957275391,
        "z":0.016767868772149
      }
    },
    "aa1c23":{
      "lock":false,
      "pos":{
        "x":-19.29976272583,
        "y":1.3075876235962,
        "z":-84.818161010742
      },
      "rot":{
        "x":0.020810121670365,
        "y":269.99542236328,
        "z":0.016768984496593
      }
    },
    "df8ec4":{
      "lock":false,
      "pos":{
        "x":-19.299997329712,
        "y":1.3167736530304,
        "z":-53.435817718506
      },
      "rot":{
        "x":0.020809382200241,
        "y":269.99810791016,
        "z":0.016770301386714
      }
    },
    "e0e7cc":{
      "lock":false,
      "pos":{
        "x":-26.300191879273,
        "y":1.2687810659409,
        "z":-76.945640563965
      },
      "rot":{
        "x":359.97915649414,
        "y":89.99983215332,
        "z":359.98321533203
      }
    },
    "e4ddf5":{
      "lock":false,
      "pos":{
        "x":-22.615739822388,
        "y":1.3086875677109,
        "z":-76.946022033691
      },
      "rot":{
        "x":0.016787875443697,
        "y":180.04536437988,
        "z":359.9792175293
      }
    },
    "e8a199":{
      "lock":false,
      "pos":{
        "x":-26.300041198731,
        "y":1.2733776569366,
        "z":-61.240997314453
      },
      "rot":{
        "x":359.97915649414,
        "y":90.000381469727,
        "z":359.98321533203
      }
    },
    "e92504":{
      "lock":false,
      "pos":{
        "x":-26.299997329712,
        "y":1.2756620645523,
        "z":-53.436840057373
      },
      "rot":{
        "x":359.97915649414,
        "y":90.00203704834,
        "z":359.98321533203
      }
    },
    "f10c50":{
      "lock":false,
      "pos":{
        "x":-26.299837112427,
        "y":1.2710889577866,
        "z":-69.060340881348
      },
      "rot":{
        "x":359.97915649414,
        "y":90.000007629395,
        "z":359.98324584961
      }
    },
    "f28cab":{
      "lock":false,
      "pos":{
        "x":-26.29958152771,
        "y":1.2664761543274,
        "z":-84.817985534668
      },
      "rot":{
        "x":359.97915649414,
        "y":90.002059936523,
        "z":359.98321533203
      }
    },
    "f6a81a":{
      "lock":false,
      "pos":{
        "x":-22.616937637329,
        "y":1.3302379846573,
        "z":-61.241367340088
      },
      "rot":{
        "x":0.016766777262092,
        "y":179.98648071289,
        "z":359.97918701172
      }
    },
    "f74398":{
      "lock":false,
      "pos":{
        "x":-19.295782089233,
        "y":1.312201499939,
        "z":-69.060737609863
      },
      "rot":{
        "x":0.020813547074795,
        "y":269.98352050781,
        "z":0.016764732077718
      }
    },
    "fbcc75":{
      "lock":false,
      "pos":{
        "x":-19.300054550171,
        "y":1.3314447402954,
        "z":-61.233234405518
      },
      "rot":{
        "x":0.020811587572098,
        "y":269.99945068359,
        "z":0.016770992428064
      }
    }
  }
}