{
  "ml":{
    "0368c1":{
      "lock":false,
      "pos":{
        "x":-17.120111465454,
        "y":1.6189217567444,
        "z":-0.030002163723111
      },
      "rot":{
        "x":359.92010498047,
        "y":270.0048828125,
        "z":0.016665637493133
      }
    },
    "12d492":{
      "lock":false,
      "pos":{
        "x":-30.224199295044,
        "y":1.622475028038,
        "z":-3.8299996852875
      },
      "rot":{
        "x":0.016839230433106,
        "y":179.99996948242,
        "z":0.079940371215344
      }
    },
    "1e7f1b":{
      "lock":false,
      "pos":{
        "x":-14.383500099182,
        "y":1.6302660703659,
        "z":-0.21410693228245
      },
      "rot":{
        "x":359.35092163086,
        "y":269.9970703125,
        "z":0.016869995743036
      }
    },
    "2e4956":{
      "lock":false,
      "pos":{
        "x":-11.665615081787,
        "y":1.6550176143646,
        "z":9.073504447937
      },
      "rot":{
        "x":359.92010498047,
        "y":269.97915649414,
        "z":0.016871139407158
      }
    },
    "44b0c5":{
      "lock":false,
      "pos":{
        "x":-17.120000839233,
        "y":1.6042023897171,
        "z":-3.8299994468689
      },
      "rot":{
        "x":359.98315429688,
        "y":7.2633534728084e-05,
        "z":359.92007446289
      }
    },
    "4cc43d":{
      "lock":false,
      "pos":{
        "x":-3.9275090694427,
        "y":1.7347502708435,
        "z":5.7571029663086
      },
      "rot":{
        "x":359.91973876953,
        "y":269.9697265625,
        "z":180.01686096191
      }
    },
    "4d3553":{
      "lock":false,
      "pos":{
        "x":-17.120000839233,
        "y":1.6064624786377,
        "z":3.860000371933
      },
      "rot":{
        "x":359.98315429688,
        "y":359.98452758789,
        "z":359.92007446289
      }
    },
    "655937":{
      "lock":false,
      "pos":{
        "x":-2.6885070800781,
        "y":1.6191165447235,
        "z":-5.0484986305237
      },
      "rot":{
        "x":0.016776936128736,
        "y":180.04190063477,
        "z":0.080268576741219
      }
    },
    "81a6f5":{
      "lock":false,
      "pos":{
        "x":-26.813600540161,
        "y":1.6166257858276,
        "z":-7.5513010025024
      },
      "rot":{
        "x":0.079894416034222,
        "y":90.000022888184,
        "z":359.9831237793
      }
    },
    "949c7d":{
      "lock":false,
      "pos":{
        "x":-30.224199295044,
        "y":1.6247351169586,
        "z":3.8599998950958
      },
      "rot":{
        "x":0.016839196905494,
        "y":180.00003051758,
        "z":0.079936355352402
      }
    },
    "a45247":{
      "lock":false,
      "pos":{
        "x":1.6967006921768,
        "y":1.5583157539368,
        "z":14.278701782227
      },
      "rot":{
        "x":359.95513916016,
        "y":224.99800109863,
        "z":0.068673133850098
      }
    },
    "a49fb6":{
      "lock":false,
      "pos":{
        "x":-2.7247068881988,
        "y":1.6207604408264,
        "z":0.37330195307732
      },
      "rot":{
        "x":0.016895081847906,
        "y":179.95750427246,
        "z":0.08024375885725
      }
    },
    "a5891b":{
      "lock":false,
      "pos":{
        "x":-3.5539004802704,
        "y":1.5820965766907,
        "z":-14.780000686646
      },
      "rot":{
        "x":359.91973876953,
        "y":270.0026550293,
        "z":0.016834026202559
      }
    },
    "aa7abc":{
      "lock":false,
      "pos":{
        "x":-3.9560172557831,
        "y":1.5975394248962,
        "z":-10.441197395325
      },
      "rot":{
        "x":359.91973876953,
        "y":270.00006103516,
        "z":0.016837919130921
      }
    },
    "ab0576":{
      "lock":false,
      "pos":{
        "x":-20.623802185059,
        "y":1.6123460531235,
        "z":7.255401134491
      },
      "rot":{
        "x":359.92010498047,
        "y":269.99993896484,
        "z":0.016864161938429
      }
    },
    "b676d8":{
      "lock":false,
      "pos":{
        "x":-20.623699188232,
        "y":1.6079810857773,
        "z":-7.5965003967285
      },
      "rot":{
        "x":0.079894550144672,
        "y":90.00008392334,
        "z":359.9831237793
      }
    },
    "bb43b8":{
      "lock":false,
      "pos":{
        "x":-11.559315681457,
        "y":1.6556875705719,
        "z":11.857303619385
      },
      "rot":{
        "x":359.92010498047,
        "y":270.00765991211,
        "z":0.016833012923598
      }
    },
    "c1d121":{
      "lock":false,
      "pos":{
        "x":-1.4655809402466,
        "y":1.4756227731705,
        "z":-26.930421829224
      },
      "rot":{
        "x":359.92013549805,
        "y":269.99722290039,
        "z":0.016875918954611
      }
    },
    "eb8aad":{
      "lock":false,
      "pos":{
        "x":-11.560917854309,
        "y":1.6130521297455,
        "z":6.3668036460877
      },
      "rot":{
        "x":359.92010498047,
        "y":269.98693847656,
        "z":0.016858782619238
      }
    },
    "fde05d":{
      "lock":false,
      "pos":{
        "x":-27.064599990845,
        "y":1.6214241981506,
        "z":7.5851998329163
      },
      "rot":{
        "x":359.92010498047,
        "y":269.99993896484,
        "z":0.016868168488145
      }
    }
  }
}