{
  "ml":{
    "0b7d77":{
      "lock":false,
      "position":{
        "x":40.290077209473,
        "y":1.3401244878769,
        "z":-47.419982910156
      },
      "rotation":{
        "x":0.02081311866641,
        "y":269.98553466797,
        "z":0.016765747219324
      }
    },
    "0e6a60":{
      "lock":false,
      "position":{
        "x":32.986213684082,
        "y":1.332084774971,
        "z":-65.808197021484
      },
      "rotation":{
        "x":0.02085835672915,
        "y":269.98397827148,
        "z":0.016578724607825
      }
    },
    "1299aa":{
      "lock":false,
      "position":{
        "x":40.290046691895,
        "y":1.3875788450241,
        "z":-61.219985961914
      },
      "rotation":{
        "x":358.45785522461,
        "y":269.97927856445,
        "z":0.016789294779301
      }
    },
    "29fb59":{
      "lock":false,
      "position":{
        "x":36.624389648438,
        "y":1.3875920772552,
        "z":-56.608425140381
      },
      "rotation":{
        "x":1.5836036205292,
        "y":269.97930908203,
        "z":0.01679496653378
      }
    },
    "3467d8":{
      "lock":false,
      "position":{
        "x":40.29008102417,
        "y":1.3374263048172,
        "z":-56.619979858398
      },
      "rotation":{
        "x":0.020850565284491,
        "y":269.97991943359,
        "z":0.016567293554544
      }
    },
    "36c99e":{
      "lock":false,
      "position":{
        "x":40.290077209473,
        "y":1.3387778997421,
        "z":-52.019973754883
      },
      "rotation":{
        "x":0.020814895629883,
        "y":269.97955322266,
        "z":0.016763480380178
      }
    },
    "4637fa":{
      "lock":false,
      "position":{
        "x":36.624393463135,
        "y":1.3835625648498,
        "z":-70.408317565918
      },
      "rotation":{
        "x":1.5838662385941,
        "y":269.98294067383,
        "z":0.016838580369949
      }
    },
    "53c074":{
      "lock":false,
      "position":{
        "x":36.62438583374,
        "y":1.379524230957,
        "z":-84.208274841309
      },
      "rotation":{
        "x":1.5839432477951,
        "y":269.97802734375,
        "z":0.016791069880128
      }
    },
    "5cc445":{
      "lock":false,
      "position":{
        "x":32.98526763916,
        "y":1.3825999498367,
        "z":-70.408302307129
      },
      "rotation":{
        "x":1.594814658165,
        "y":269.97711181641,
        "z":0.016793509945273
      }
    },
    "727293":{
      "lock":false,
      "position":{
        "x":40.290042877197,
        "y":1.3822177648544,
        "z":-79.61988067627
      },
      "rotation":{
        "x":358.45706176758,
        "y":270.01226806641,
        "z":0.016785833984613
      }
    },
    "7c18b0":{
      "lock":false,
      "position":{
        "x":36.624744415283,
        "y":1.433353304863,
        "z":-65.808288574219
      },
      "rotation":{
        "x":0.021136790513992,
        "y":269.99127197266,
        "z":0.01655144430697
      }
    },
    "7e50fa":{
      "lock":false,
      "position":{
        "x":40.289981842041,
        "y":1.3293496370316,
        "z":-84.219871520996
      },
      "rotation":{
        "x":0.020837932825089,
        "y":269.97351074219,
        "z":0.016649981960654
      }
    },
    "8757ad":{
      "lock":false,
      "position":{
        "x":32.98530960083,
        "y":1.3799129724503,
        "z":-79.608238220215
      },
      "rotation":{
        "x":1.5949939489365,
        "y":270.01907348633,
        "z":0.016812248155475
      }
    },
    "891943":{
      "lock":false,
      "position":{
        "x":40.289653778076,
        "y":1.3347327709198,
        "z":-65.819831848145
      },
      "rotation":{
        "x":0.020847741514444,
        "y":269.9905090332,
        "z":0.016548672690988
      }
    },
    "93292a":{
      "lock":false,
      "position":{
        "x":25.543691635132,
        "y":1.329380273819,
        "z":-65.829231262207
      },
      "rotation":{
        "x":0.020834470167756,
        "y":269.91284179688,
        "z":0.016739442944527
      }
    },
    "a3c29b":{
      "lock":false,
      "position":{
        "x":29.341279983521,
        "y":1.3825750350952,
        "z":-65.808959960938
      },
      "rotation":{
        "x":1.5933754444122,
        "y":269.99737548828,
        "z":0.016789546236396
      }
    },
    "b96b46":{
      "lock":false,
      "position":{
        "x":40.290065765381,
        "y":1.3320455551148,
        "z":-75.019973754883
      },
      "rotation":{
        "x":0.02081392519176,
        "y":269.98251342773,
        "z":0.016764551401138
      }
    },
    "be0192":{
      "lock":false,
      "position":{
        "x":29.339130401611,
        "y":1.3811976909638,
        "z":-70.408409118652
      },
      "rotation":{
        "x":1.5924491882324,
        "y":269.9914855957,
        "z":0.016805876046419
      }
    },
    "c49f1a":{
      "lock":false,
      "position":{
        "x":40.290069580078,
        "y":1.3333884477615,
        "z":-70.419845581055
      },
      "rotation":{
        "x":0.020833956077695,
        "y":269.98190307617,
        "z":0.0166303999722
      }
    },
    "cef7d2":{
      "lock":false,
      "position":{
        "x":36.624374389648,
        "y":1.3293652534485,
        "z":-79.608268737793
      },
      "rotation":{
        "x":0.020844999700785,
        "y":270.01501464844,
        "z":0.016550660133362
      }
    },
    "d3047a":{
      "lock":false,
      "position":{
        "x":29.339128494263,
        "y":1.3838909864426,
        "z":-61.208332061768
      },
      "rotation":{
        "x":1.5924670696259,
        "y":269.98220825195,
        "z":0.016791462898254
      }
    },
    "d6507e":{
      "lock":false,
      "position":{
        "x":32.985248565674,
        "y":1.3853112459183,
        "z":-61.208347320557
      },
      "rotation":{
        "x":1.5953862667084,
        "y":269.97787475586,
        "z":0.016782891005278
      }
    },
    "df64cb":{
      "lock":false,
      "position":{
        "x":32.985317230225,
        "y":1.3866596221924,
        "z":-56.608318328857
      },
      "rotation":{
        "x":1.5954438447952,
        "y":269.98284912109,
        "z":0.016785828396678
      }
    },
    "f7c7bd":{
      "lock":false,
      "position":{
        "x":36.624328613281,
        "y":1.3347504138946,
        "z":-61.208408355713
      },
      "rotation":{
        "x":0.020866077393293,
        "y":269.98388671875,
        "z":0.016502944752574
      }
    }
  }
}