{
  "ml":{
    "007d36":{
      "lock":false,
      "pos":{
        "x":-36.773189544678,
        "y":1.6440747976303,
        "z":-7.7000155448914
      },
      "rot":{
        "x":359.92010498047,
        "y":269.99932861328,
        "z":0.016840994358063
      }
    },
    "00d19a":{
      "lock":false,
      "pos":{
        "x":-38.716453552246,
        "y":1.6826437711716,
        "z":-9.5237464904785
      },
      "rot":{
        "x":359.92010498047,
        "y":270.00280761719,
        "z":0.016844825819135
      }
    },
    "061a07":{
      "lock":false,
      "pos":{
        "x":-20.45359992981,
        "y":1.6099437475205,
        "z":-0.11130031943321
      },
      "rot":{
        "x":0.07989089936018,
        "y":89.988227844238,
        "z":359.9831237793
      }
    },
    "0678e8":{
      "lock":false,
      "pos":{
        "x":-23.676471710205,
        "y":1.6303000450134,
        "z":7.5699853897095
      },
      "rot":{
        "x":359.92010498047,
        "y":269.99938964844,
        "z":0.016840606927872
      }
    },
    "06d6fe":{
      "lock":false,
      "pos":{
        "x":-25.428070068359,
        "y":1.6835370063782,
        "z":5.9918594360352
      },
      "rot":{
        "x":359.92269897461,
        "y":269.99975585938,
        "z":1.4754463434219
      }
    },
    "07f90c":{
      "lock":false,
      "pos":{
        "x":-27.124700546265,
        "y":1.6170357465744,
        "z":-7.63210105896
      },
      "rot":{
        "x":359.92010498047,
        "y":270.0080871582,
        "z":0.016855897381902
      }
    },
    "165dac":{
      "lock":false,
      "pos":{
        "x":-2.6885180473328,
        "y":1.597348690033,
        "z":-5.04851770401
      },
      "rot":{
        "x":0.016836550086737,
        "y":179.99960327148,
        "z":0.08025498688221
      }
    },
    "25f3c2":{
      "lock":false,
      "pos":{
        "x":-18.635919570923,
        "y":1.6709427833557,
        "z":-1.6735713481903
      },
      "rot":{
        "x":359.91998291016,
        "y":269.99664306641,
        "z":1.395437836647
      }
    },
    "2a3c87":{
      "lock":false,
      "pos":{
        "x":-23.676521301269,
        "y":1.6258124113083,
        "z":-7.700014591217
      },
      "rot":{
        "x":359.92010498047,
        "y":269.99932861328,
        "z":0.016840767115354
      }
    },
    "30ed35":{
      "lock":false,
      "pos":{
        "x":-18.593963623047,
        "y":1.6694303750992,
        "z":-9.2918195724487
      },
      "rot":{
        "x":359.9211730957,
        "y":269.97634887695,
        "z":1.4686902761459
      }
    },
    "34e74c":{
      "lock":false,
      "pos":{
        "x":-33.506000518799,
        "y":1.6259834766388,
        "z":-7.4641027450561
      },
      "rot":{
        "x":359.92010498047,
        "y":270.00201416016,
        "z":0.016864206641912
      }
    },
    "377b20":{
      "lock":false,
      "pos":{
        "x":-30.224164962769,
        "y":1.6371967792511,
        "z":-0.030015047639608
      },
      "rot":{
        "x":359.92010498047,
        "y":269.99945068359,
        "z":0.016840370371938
      }
    },
    "3b4478":{
      "lock":false,
      "pos":{
        "x":-32.102771759033,
        "y":1.6898192167282,
        "z":-1.6111721992493
      },
      "rot":{
        "x":1.0532734394073,
        "y":269.99377441406,
        "z":0.78409284353256
      }
    },
    "3d7245":{
      "lock":false,
      "pos":{
        "x":-20.472448348999,
        "y":1.6077418327332,
        "z":-7.6928648948669
      },
      "rot":{
        "x":0.07989090681076,
        "y":89.988189697266,
        "z":359.9831237793
      }
    },
    "428e26":{
      "lock":false,
      "pos":{
        "x":-12.840374946594,
        "y":1.651134967804,
        "z":6.038339138031
      },
      "rot":{
        "x":359.92010498047,
        "y":269.98150634766,
        "z":0.016863472759724
      }
    },
    "510265":{
      "lock":false,
      "pos":{
        "x":-3.3874530792236,
        "y":1.5817885398865,
        "z":-15.034649848938
      },
      "rot":{
        "x":359.91973876953,
        "y":270.00131225586,
        "z":0.016835948452353
      }
    },
    "5789a0":{
      "lock":false,
      "pos":{
        "x":-23.676500320435,
        "y":1.6133451461792,
        "z":-3.8299989700317
      },
      "rot":{
        "x":359.98318481445,
        "y":0.018003547564149,
        "z":359.92004394531
      }
    },
    "7234af":{
      "lock":false,
      "pos":{
        "x":-23.676500320435,
        "y":1.6156051158905,
        "z":3.860000371933
      },
      "rot":{
        "x":359.98318481445,
        "y":0.018473509699106,
        "z":359.92004394531
      }
    },
    "73f813":{
      "lock":false,
      "pos":{
        "x":-23.676458358765,
        "y":1.6280665397644,
        "z":-0.030013477429748
      },
      "rot":{
        "x":359.92010498047,
        "y":269.99740600586,
        "z":0.01684321090579
      }
    },
    "847357":{
      "lock":false,
      "pos":{
        "x":-3.9559173583984,
        "y":1.597539305687,
        "z":-10.441173553467
      },
      "rot":{
        "x":359.91973876953,
        "y":269.99969482422,
        "z":0.016837544739246
      }
    },
    "88a71f":{
      "lock":false,
      "pos":{
        "x":-15.343162536621,
        "y":1.6171323060989,
        "z":2.304151058197
      },
      "rot":{
        "x":359.92010498047,
        "y":269.99157714844,
        "z":0.016851315274835
      }
    },
    "88e9a0":{
      "lock":false,
      "pos":{
        "x":-25.340305328369,
        "y":1.6828467845917,
        "z":-1.5046585798264
      },
      "rot":{
        "x":359.92294311523,
        "y":269.98291015625,
        "z":1.6385610103607
      }
    },
    "927692":{
      "lock":false,
      "pos":{
        "x":-30.224235534668,
        "y":1.6349427700043,
        "z":-7.7000164985657
      },
      "rot":{
        "x":359.92010498047,
        "y":269.99945068359,
        "z":0.016840429976582
      }
    },
    "99909c":{
      "lock":false,
      "pos":{
        "x":-30.224298477173,
        "y":1.6224755048752,
        "z":-3.829999923706
      },
      "rot":{
        "x":359.98318481445,
        "y":0.018104054033756,
        "z":359.92004394531
      }
    },
    "9c1b91":{
      "lock":false,
      "pos":{
        "x":-11.84925365448,
        "y":1.4153037071228,
        "z":8.0305700302124
      },
      "rot":{
        "x":359.98315429688,
        "y":5.8294270274928e-05,
        "z":359.92004394531
      }
    },
    "a00323":{
      "lock":false,
      "pos":{
        "x":-2.7248334884644,
        "y":1.5989925861359,
        "z":0.37269195914268
      },
      "rot":{
        "x":0.016831278800964,
        "y":180.00334167481,
        "z":0.080256029963493
      }
    },
    "adebd8":{
      "lock":false,
      "pos":{
        "x":-27.48810005188,
        "y":1.6210020780563,
        "z":4.139600276947
      },
      "rot":{
        "x":359.95538330078,
        "y":225.01222229004,
        "z":0.068368971347809
      }
    },
    "b5637e":{
      "lock":false,
      "pos":{
        "x":-25.155036926269,
        "y":1.6798362731934,
        "z":-9.2020416259766
      },
      "rot":{
        "x":359.92135620117,
        "y":270.00708007812,
        "z":1.5912779569626
      }
    },
    "b8619a":{
      "lock":false,
      "pos":{
        "x":-3.9276659488678,
        "y":1.7540051937103,
        "z":5.752311706543
      },
      "rot":{
        "x":359.91973876953,
        "y":269.99932861328,
        "z":180.01681518555
      }
    },
    "c5f67a":{
      "lock":false,
      "pos":{
        "x":-17.120008468628,
        "y":1.6166697740555,
        "z":-7.7000141143799
      },
      "rot":{
        "x":359.92010498047,
        "y":269.99917602539,
        "z":0.016841607168317
      }
    },
    "d0aa0f":{
      "lock":false,
      "pos":{
        "x":-1.4655812978745,
        "y":1.4756226539612,