{
  "ml":{
    "0b361d":{
      "lock":false,
      "pos":{
        "x":-20.938875198364,
        "y":1.2923562526703,
        "z":83.30672454834
      },
      "rot":{
        "x":0.020803095772862,
        "y":270.01849365234,
        "z":180.01678466797
      }
    },
    "0da7f2":{
      "lock":false,
      "pos":{
        "x":-20.938871383667,
        "y":1.3122856616974,
        "z":85.606727600098
      },
      "rot":{
        "x":0.020807920023799,
        "y":270.00155639648,
        "z":180.01676940918
      }
    },
    "120210":{
      "lock":false,
      "pos":{
        "x":-24.453332901001,
        "y":1.3041706085205,
        "z":78.69002532959
      },
      "rot":{
        "x":0.020808357745409,
        "y":269.99987792969,
        "z":180.01676940918
      }
    },
    "15e75e":{
      "lock":false,
      "pos":{
        "x":-24.453365325928,
        "y":1.3055185079575,
        "z":83.294631958008
      },
      "rot":{
        "x":0.020808542147279,
        "y":269.9997253418,
        "z":180.01676940918
      }
    },
    "193ddf":{
      "lock":false,
      "pos":{
        "x":-20.938875198364,
        "y":1.3006378412247,
        "z":78.706726074219
      },
      "rot":{
        "x":0.020805042237043,
        "y":270.01150512695,
        "z":180.01676940918
      }
    },
    "516413":{
      "lock":false,
      "pos":{
        "x":-20.938884735107,
        "y":1.2980462312698,
        "z":53.406650543213
      },
      "rot":{
        "x":0.020808504894376,
        "y":269.99987792969,
        "z":180.01676940918
      }
    },
    "58de9c":{
      "lock":false,
      "pos":{
        "x":-24.453371047974,
        "y":1.2973382472992,
        "z":71.794609069824
      },
      "rot":{
        "x":0.020808383822441,
        "y":270.00003051758,
        "z":180.01676940918
      }
    },
    "62c248":{
      "lock":false,
      "pos":{
        "x":-20.938873291016,
        "y":1.288990020752,
        "z":71.80672454834
      },
      "rot":{
        "x":0.02080674096942,
        "y":270.00555419922,
        "z":180.01676940918
      }
    },
    "728f7e":{
      "lock":false,
      "pos":{
        "x":-24.453359603882,
        "y":1.3302619457245,
        "z":85.594619750977
      },
      "rot":{
        "x":0.020808465778828,
        "y":269.99948120117,
        "z":180.01676940918
      }
    },
    "9c5822":{
      "lock":false,
      "pos":{
        "x":-20.938873291016,
        "y":1.2951505184174,
        "z":76.406723022461
      },
      "rot":{
        "x":0.020804485306144,
        "y":270.01303100586,
        "z":180.01678466797
      }
    },
    "a24cb2":{
      "lock":false,
      "pos":{
        "x":-20.93890953064,
        "y":1.2911111116409,
        "z":62.606575012207
      },
      "rot":{
        "x":0.02080843783915,
        "y":270,
        "z":180.01676940918
      }
    },
    "c0f36d":{
      "lock":false,
      "pos":{
        "x":-20.938877105713,
        "y":1.2883168458939,
        "z":69.50691986084
      },
      "rot":{
        "x":0.020808577537537,
        "y":269.99951171875,
        "z":180.01676940918
      }
    },
    "c276cb":{
      "lock":false,
      "pos":{
        "x":-24.453411102295,
        "y":1.3001306056976,
        "z":64.894561767578
      },
      "rot":{
        "x":0.020808402448893,
        "y":269.99993896484,
        "z":180.01676940918
      }
    },
    "c97be9":{
      "lock":false,
      "pos":{
        "x":-20.938890457153,
        "y":1.2945786714554,
        "z":58.006553649902
      },
      "rot":{
        "x":0.02080418728292,
        "y":270.01422119141,
        "z":180.01678466797
      }
    },
    "d95bd6":{
      "lock":false,
      "pos":{
        "x":-24.453392028809,
        "y":1.5580710172653,
        "z":57.994506835938
      },
      "rot":{
        "x":0.02079869247973,
        "y":270.03469848633,
        "z":180.01679992676
      }
    },
    "f9215d":{
      "lock":false,
      "pos":{
        "x":-20.93888092041,
        "y":1.2965984344482,
        "z":64.906669616699
      },
      "rot":{
        "x":0.020804172381759,
        "y":270.01409912109,
        "z":180.01678466797
      }
    }
  }
}