{
  "ml":{
    "119ba7":{
      "lock":false,
      "pos":{
        "x":-1.4655565023422,
        "y":1.4756230115891,
        "z":-26.928869247436
      },
      "rot":{
        "x":359.92013549805,
        "y":270.00048828125,
        "z":0.016870886087418
      }
    },
    "1b8c0f":{
      "lock":false,
      "pos":{
        "x":12.249362945557,
        "y":1.4750286340714,
        "z":35.986331939697
      },
      "rot":{
        "x":359.92013549805,
        "y":270.00042724609,
        "z":0.016873981803656
      }
    },
    "20790b":{
      "lock":false,
      "pos":{
        "x":12.249562263489,
        "y":1.4632502794266,
        "z":-4.0136790275574
      },
      "rot":{
        "x":359.92013549805,
        "y":270.00024414062,
        "z":0.016873236745596
      }
    },
    "4434f2":{
      "lock":false,
      "pos":{
        "x":12.249965667725,
        "y":1.4656052589416,
        "z":3.9863271713257
      },
      "rot":{
        "x":359.92013549805,
        "y":270.00033569336,
        "z":0.016872564330697
      }
    },
    "5ec77c":{
      "lock":false,
      "pos":{
        "x":0.26936334371567,
        "y":1.4896069765091,
        "z":28.774614334106
      },
      "rot":{
        "x":359.92013549805,
        "y":269.99340820312,
        "z":0.016880864277482
      }
    },
    "646fa1":{
      "lock":false,
      "pos":{
        "x":3.4435167312622,
        "y":1.4002298116684,
        "z":23.047983169556
      },
      "rot":{
        "x":359.98309326172,
        "y":0.00052943185437471,
        "z":359.91995239258
      }
    },
    "716acc":{
      "lock":false,
      "pos":{
        "x":12.25025844574,
        "y":1.4726722240448,
        "z":27.986356735229
      },
      "rot":{
        "x":359.92013549805,
        "y":270.00054931641,
        "z":0.016873164102435
      }
    },
    "75547d":{
      "lock":false,
      "pos":{
        "x":12.249565124512,
        "y":1.4561831951141,
        "z":-28.013692855835
      },
      "rot":{
        "x":359.92013549805,
        "y":270.00033569336,
        "z":0.016872933134437
      }
    },
    "97895b":{
      "lock":false,
      "pos":{
        "x":0.48110103607178,
        "y":1.4867449998856,
        "z":20.057332992554
      },
      "rot":{
        "x":359.92013549805,
        "y":269.99548339844,
        "z":0.016880623996258
      }
    },
    "ac0448":{
      "lock":false,
      "pos":{
        "x":0.25606864690781,
        "y":1.6147532463074,
        "z":22.962013244629
      },
      "rot":{
        "x":359.92010498047,
        "y":270.00625610352,
        "z":180.01684570312
      }
    },
    "bddf2e":{
      "lock":false,
      "pos":{
        "x":12.250460624695,
        "y":1.4585375785828,
        "z":-20.013696670532
      },
      "rot":{
        "x":359.92013549805,
        "y":270.00427246094,
        "z":0.016867827624083
      }
    },
    "d236b4":{
      "lock":false,
      "pos":{
        "x":12.252053260803,
        "y":1.4679579734802,
        "z":11.986339569092
      },
      "rot":{
        "x":359.92013549805,
        "y":270.00045776367,
        "z":0.016873711720109
      }
    },
    "dbd374":{
      "lock":false,
      "pos":{
        "x":12.250051498413,
        "y":1.4703167676926,
        "z":19.986356735229
      },
      "rot":{
        "x":359.92013549805,
        "y":270.00045776367,
        "z":0.016872992739081
      }
    },
    "e31fb3":{
      "lock":false,
      "pos":{
        "x":12.250062942505,
        "y":1.4608938694,
        "z":-12.013679504394
      },
      "rot":{
        "x":359.92013549805,
        "y":270.0002746582,
        "z":0.016874015331268
      }
    }
  }
}