{
  "ml":{
    "10681c":{
      "lock":false,
      "pos":{
        "x":-26.300170898438,
        "y":1.268780708313,
        "z":-76.94563293457
      },
      "rot":{
        "x":359.97918701172,
        "y":90.001991271973,
        "z":359.98321533203
      }
    },
    "6bd479":{
      "lock":false,
      "pos":{
        "x":-16.636127471924,
        "y":1.357618689537,
        "z":-75.701240539551
      },
      "rot":{
        "x":0.020805951207876,
        "y":270.03619384766,
        "z":0.01678135804832
      }
    },
    "87a46c":{
      "lock":false,
      "pos":{
        "x":-16.635953903198,
        "y":1.3568956851959,
        "z":-78.171463012695
      },
      "rot":{
        "x":0.020822817459702,
        "y":269.97875976562,
        "z":0.016760224476457
      }
    },
    "8d4d81":{
      "lock":false,
      "pos":{
        "x":-19.293609619141,
        "y":1.3098953962326,
        "z":-76.941551208496
      },
      "rot":{
        "x":0.020808754488826,
        "y":269.99996948242,
        "z":0.016770867630839
      }
    },
    "8de7e4":{
      "lock":false,
      "pos":{
        "x":-22.615762710571,
        "y":1.3086875677109,
        "z":-76.946044921875
      },
      "rot":{
        "x":0.016771305352449,
        "y":179.99996948242,
        "z":359.97918701172
      }
    },
    "97b325":{
      "lock":false,
      "pos":{
        "x":-16.635416030884,
        "y":1.3572559356689,
        "z":-76.941467285156
      },
      "rot":{
        "x":0.020804200321436,
        "y":270.04345703125,
        "z":0.01678366959095
      }
    }
  }
}