{
  "ml":{
    "01d780":{
      "lock":false,
      "pos":{
        "x":12.249954223633,
        "y":1.4656052589416,
        "z":3.9863634109497
      },
      "rot":{
        "x":359.92013549805,
        "y":269.99996948242,
        "z":0.016873627901077
      }
    },
    "23dd51":{
      "lock":false,
      "pos":{
        "x":12.250254631043,
        "y":1.4726722240448,
        "z":27.986381530762
      },
      "rot":{
        "x":359.92013549805,
        "y":270.00003051758,
        "z":0.016873436048627
      }
    },
    "3c4f3c":{
      "lock":false,
      "pos":{
        "x":12.284880638123,
        "y":1.4561340808868,
        "z":-28.013305664062
      },
      "rot":{
        "x":359.92013549805,
        "y":269.98684692383,
        "z":0.016890389844775
      }
    },
    "4c173f":{
      "lock":false,
      "pos":{
        "x":12.249550819397,
        "y":1.4632501602173,
        "z":-4.0136399269104
      },
      "rot":{
        "x":359.92013549805,
        "y":269.99981689453,
        "z":0.016872216016054
      }
    },
    "4dee5a":{
      "lock":false,
      "pos":{
        "x":12.250054359436,
        "y":1.4608938694,
        "z":-12.013637542725
      },
      "rot":{
        "x":359.92013549805,
        "y":270.00006103516,
        "z":0.016873801127076
      }
    },
    "baa795":{
      "lock":false,
      "pos":{
        "x":13.150002479553,
        "y":1.4702736139298,
        "z":24.100776672363
      },
      "rot":{
        "x":359.92010498047,
        "y":270.01141357422,
        "z":0.016858013346791
      }
    },
    "db7039":{
      "lock":false,
      "pos":{
        "x":12.250046730042,
        "y":1.4703170061111,
        "z":19.986381530762
      },
      "rot":{
        "x":359.92013549805,
        "y":270,
        "z":0.016873626038432
      }
    },
    "ee987d":{
      "lock":false,
      "pos":{
        "x":12.252048492432,
        "y":1.4679582118988,
        "z":11.986372947693
      },
      "rot":{
        "x":359.92013549805,
        "y":270,
        "z":0.016873821616173
      }
    },
    "fc7674":{
      "lock":false,
      "pos":{
        "x":12.250449180603,
        "y":1.4585373401642,
        "z":-20.013648986816
      },
      "rot":{
        "x":359.92013549805,
        "y":270,
        "z":0.016873950138688
      }
    }
  }
}