{
  "ml":{
    "041012":{
      "lock":false,
      "pos":{
        "x":12.25216960907,
        "y":1.4815628528595,
        "z":11.986344337463
      },
      "rot":{
        "x":359.92013549805,
        "y":269.99987792969,
        "z":0.016872700303793
      }
    },
    "0646bf":{
      "lock":false,
      "pos":{
        "x":-3.9276478290558,
        "y":1.7443785667419,
        "z":5.7571377754211
      },
      "rot":{
        "x":359.91973876953,
        "y":270.00003051758,
        "z":180.01681518555
      }
    },
    "070a78":{
      "lock":false,
      "pos":{
        "x":15.14999961853,
        "y":1.4900000095367,
        "z":-0.079999998211861
      },
      "rot":{
        "x":359.92001342773,
        "y":270.00018310547,
        "z":0.016872379928827
      }
    },
    "0bd409":{
      "lock":false,
      "pos":{
        "x":15.14999961853,
        "y":1.4854090213776,
        "z":-16.079999923706
      },
      "rot":{
        "x":359.92013549805,
        "y":270.00030517578,
        "z":0.016871828585863
      }
    },
    "0c97f0":{
      "lock":false,
      "pos":{
        "x":12.270003318787,
        "y":1.4826964139938,
        "z":15.920001029968
      },
      "rot":{
        "x":0.016871405765414,
        "y":179.99995422363,
        "z":0.079877465963364
      }
    },
    "1943ff":{
      "lock":false,
      "pos":{
        "x":9.8500003814697,
        "y":1.4813586473465,
        "z":-0.080000355839729
      },
      "rot":{
        "x":359.92013549805,
        "y":269.99987792969,
        "z":0.016873426735401
      }
    },
    "208ebc":{
      "lock":false,
      "pos":{
        "x":-2.7246601581573,
        "y":1.6159462928772,
        "z":0.37331342697144
      },
      "rot":{
        "x":0.016896037384868,
        "y":179.95695495606,
        "z":0.080243088304997
      }
    },
    "31ee5d":{
      "lock":false,
      "pos":{
        "x":15.14999961853,
        "y":1.4900000095367,
        "z":7.9200000762939
      },
      "rot":{
        "x":359.92001342773,
        "y":270.00006103516,
        "z":0.016875678673387
      }
    },
    "3549e7":{
      "lock":false,
      "pos":{
        "x":9.8500003814697,
        "y":1.4837143421173,
        "z":7.9199991226196
      },
      "rot":{
        "x":359.92013549805,
        "y":269.99963378906,
        "z":0.016876485198736
      }
    },
    "357610":{
      "lock":false,
      "pos":{
        "x":12.250169754028,
        "y":1.4839214086533,
        "z":19.986349105835
      },
      "rot":{
        "x":359.92013549805,
        "y":269.99981689453,
        "z":0.016873290762305
      }
    },
    "36b4eb":{
      "lock":false,
      "pos":{
        "x":0.2700936794281,
        "y":1.4896069765091,
        "z":28.77698135376
      },
      "rot":{
        "x":359.92013549805,
        "y":269.99993896484,
        "z":0.016872169449925
      }
    },
    "41fdc3":{
      "lock":false,
      "pos":{
        "x":-23.676446914673,
        "y":1.6280664205551,
        "z":-0.030017446726561
      },
      "rot":{
        "x":359.92010498047,
        "y":269.99969482422,
        "z":0.016840076074004
      }
    },
    "44bc00":{
      "lock":false,
      "pos":{
        "x":12.250071525574,
        "y":1.4792101383209,
        "z":3.9863350391388
      },
      "rot":{
        "x":359.92013549805,
        "y":269.99996948242,
        "z":0.016873637214303
      }
    },
    "458f2b":{
      "lock":false,
      "pos":{
        "x":-17.120052337646,
        "y":1.6144421100616,
        "z":-15.280021667481
      },
      "rot":{
        "x":359.92010498047,
        "y":269.99987792969,
        "z":0.016839789226651
      }
    },
    "499088":{
      "lock":false,
      "pos":{
        "x":-23.676406860352,
        "y":1.6133445501327,
        "z":-3.8300240039825
      },
      "rot":{
        "x":0.016824495047331,
        "y":180.01055908203,
        "z":0.079942807555199
      }
    },
    "54092b":{
      "lock":false,
      "pos":{
        "x":-13.996408462524,
        "y":1.6555482149124,
        "z":-0.18012665212154
      },
      "rot":{
        "x":359.92010498047,
        "y":270.00006103516,
        "z":180.01683044434
      }
    },
    "56fc9d":{
      "lock":false,
      "pos":{
        "x":-30.224182128906,
        "y":1.6394304037094,
        "z":7.5699853897095
      },
      "rot":{
        "x":359.92010498047,
        "y":269.9997253418,
        "z":0.016840016469359
      }
    },
    "5b38c6":{
      "lock":false,
      "pos":{
        "x":-20.273271560669,
        "y":1.6063222885132,
        "z":-11.578399658203
      },
      "rot":{
        "x":359.98315429688,
        "y":0.00018101070600096,
        "z":359.92010498047
      }
    },
    "61c4c5":{
      "lock":false,
      "pos":{
        "x":12.250561714172,
        "y":1.4721422195435,
        "z":-20.013671875
      },
      "rot":{
        "x":359.92013549805,
        "y":269.99963378906,
        "z":0.016872644424439
      }
    },
    "641694":{
      "lock":false,
      "pos":{
        "x":-20.081548690796,
        "y":1.6084034442902,
        "z":-3.5865411758423
      },
      "rot":{
        "x":0.068408489227295,
        "y":134.99955749512,
        "z":0.044584237039089
      }
    },
    "673295":{
      "lock":false,
      "pos":{
        "x":12.276511192322,
        "y":1.4803315401077,
        "z":7.9200029373169
      },
      "rot":{
        "x":0.016871377825737,
        "y":179.99993896484,
        "z":0.079877316951752
      }
    },
    "6b02f8":{
      "lock":false,
      "pos":{
        "x":-33.478286743164,
        "y":1.6292716264725,
        "z":3.8555307388306
      },
      "rot":{
        "x":359.98315429688,
        "y":5.7329405535711e-05,
        "z":359.92010498047
      }
    },
    "6ba06e":{
      "lock":false,
      "pos":{
        "x":-26.78254699707,
        "y":1.6188364028931,
        "z":0.11790329962969
      },
      "rot":{
        "x":0.079894438385963,
        "y":90.000221252441,
        "z":359.9831237793
      }
    },
    "6be8b0":{
      "lock":false,
      "pos":{
        "x":-23.676406860352,
        "y":1.611087679863,
        "z":-11.510034561157
      },
      "rot":{
        "x":0.016824664548039,
        "y":180.0104675293,
        "z":0.079944215714932
      }
    },
    "6c5b9f":{
      "lock":false,
      "pos":{
        "x":9.8500032424927,
        "y":1.4766472578049,
        "z":-16.080007553101
      },
      "rot":{
        "x":359.92013549805,
        "y":270.01043701172,
        "z":0.016860157251358
      }
    },
    "6dec76":{
      "lock":false,
      "pos":{
        "x":-36.77311706543,
        "y":1.6463289260864,
        "z":-0.030017994344235
      },
      "rot":{
        "x":359.92010498047,
        "y":269.99975585938,
        "z":0.016839945688844
      }
    },
    "6f663b":{
      "lock":false,
      "pos":{
        "x":-30.224231719971,
        "y":1.6349427700043,
        "z":-7.7000250816345
      },
      "rot":{
        "x":359.92010498047,
        "y":269.9997253418,
        "z":0.016839982941747
      }
    },
    "7234af":{
      "lock":false,
      "pos":{
        "x":-36.773166656494,
        "y":1.6338672637939,
        "z":3.8600542545319
      },
      "rot":{
        "x":0.016824195161462,
        "y":180.01072692871,
        "z":0.079942382872105
      }
    },
    "72c444":{
      "lock":false,
      "pos":{
        "x":12.274518013001,
        "y":1.4732671976089,
        "z":-16.080003738403
      },
      "rot":{
        "x":0.016871377825737,
        "y":179.99975585938,
        "z":0.079877845942974
      }
    },
    "823edd":{
      "lock":false,
      "pos":{
        "x":9.8500032424927,
        "y":1.4790029525757,
        "z":-8.0800018310547
      },
      "rot":{
        "x":359.92013549805,
        "y":269.99975585938,
        "z":0.016873938962817
      }
    },
    "87f6b9":{
      "lock":false,
      "pos":{
        "x":12.2501745224,
        "y":1.4744985103607,