{
  "ml":{
    "07fe41":{
      "lock":false,
      "position":{
        "x":45.639472961426,
        "y":1.1070355176926,
        "z":-47.409923553467
      },
      "rotation":{
        "x":359.97915649414,
        "y":89.984939575195,
        "z":359.98321533203
      }
    },
    "1b9b55":{
      "lock":false,
      "position":{
        "x":45.634761810303,
        "y":1.0976125001907,
        "z":-79.601234436035
      },
      "rotation":{
        "x":359.97915649414,
        "y":89.985786437988,
        "z":359.98321533203
      }
    },
    "569aab":{
      "lock":false,
      "position":{
        "x":45.639469146729,
        "y":1.1043426990509,
        "z":-56.608707427979
      },
      "rotation":{
        "x":359.97915649414,
        "y":89.985542297363,
        "z":359.98321533203
      }
    },
    "992a0b":{
      "lock":false,
      "position":{
        "x":45.639461517334,
        "y":1.1003046035767,
        "z":-70.408599853516
      },
      "rotation":{
        "x":359.97915649414,
        "y":89.985618591309,
        "z":359.98321533203
      }
    },
    "a0cfe5":{
      "lock":false,
      "position":{
        "x":45.639461517334,
        "y":1.0989583730698,
        "z":-75.008720397949
      },
      "rotation":{
        "x":359.97915649414,
        "y":89.985618591309,
        "z":359.98321533203
      }
    },
    "b172b0":{
      "lock":false,
      "position":{
        "x":45.639461517334,
        "y":1.1029976606369,
        "z":-61.208713531494
      },
      "rotation":{
        "x":359.97915649414,
        "y":89.985229492188,
        "z":359.98321533203
      }
    },
    "c13c06":{
      "lock":false,
      "position":{
        "x":45.639461517334,
        "y":1.1056900024414,
        "z":-52.00993347168
      },
      "rotation":{
        "x":359.97915649414,
        "y":89.985244750977,
        "z":359.98321533203
      }
    },
    "c87ef3":{
      "lock":false,
      "position":{
        "x":45.624374389648,
        "y":1.0935554504395,
        "z":-93.447708129883
      },
      "rotation":{
        "x":359.97915649414,
        "y":89.987632751465,
        "z":359.98321533203
      }
    },
    "d262db":{
      "lock":false,
      "position":{
        "x":45.639469146729,
        "y":1.1016507148743,
        "z":-65.808601379395
      },
      "rotation":{
        "x":359.97915649414,
        "y":89.984657287598,
        "z":359.98321533203
      }
    },
    "df8e34":{
      "lock":false,
      "position":{
        "x":45.640060424805,
        "y":1.0949037075043,
        "z":-88.858253479004
      },
      "rotation":{
        "x":359.97915649414,
        "y":89.987548828125,
        "z":359.98321533203
      }
    },
    "f4f4be":{
      "lock":false,
      "position":{
        "x":45.640060424805,
        "y":1.096250295639,
        "z":-84.258277893066
      },
      "rotation":{
        "x":359.97915649414,
        "y":89.987426757812,
        "z":359.98321533203
      }
    }
  }
}