{
  "ml":{
    "05109d":{
      "lock":false,
      "pos":{
        "x":-3.1264991760254,
        "y":1.1249353885651,
        "z":-50.269599914551
      },
      "rot":{
        "x":359.97915649414,
        "y":89.999450683594,
        "z":359.98321533203
      }
    },
    "13ed7d":{
      "lock":false,
      "pos":{
        "x":12.251203536987,
        "y":1.2829253673554,
        "z":11.986598968506
      },
      "rot":{
        "x":0.079958811402321,
        "y":89.994934082031,
        "z":359.98309326172
      }
    },
    "1fae15":{
      "lock":false,
      "pos":{
        "x":12.180503845215,
        "y":1.2735545635223,
        "z":-20.169301986694
      },
      "rot":{
        "x":0.079967431724072,
        "y":89.994941711426,
        "z":359.98306274414
      }
    },
    "2cea4e":{
      "lock":false,
      "pos":{
        "x":66.002601623535,
        "y":1.1110970973968,
        "z":-58.80179977417
      },
      "rot":{
        "x":359.97915649414,
        "y":89.990692138672,
        "z":359.98321533203
      }
    },
    "3da6dd":{
      "lock":false,
      "pos":{
        "x":12.262104034424,
        "y":1.2782003879547,
        "z":-4.0093026161194
      },
      "rot":{
        "x":0.079965732991695,
        "y":89.998435974121,
        "z":359.98309326172
      }
    },
    "4c07bf":{
      "lock":false,
      "pos":{
        "x":12.291903495789,
        "y":1.27108502388,
        "z":-28.030704498291
      },
      "rot":{
        "x":0.07996205240488,
        "y":90.000045776367,
        "z":359.98309326172
      }
    },
    "52d102":{
      "lock":false,
      "pos":{
        "x":12.21320438385,
        "y":1.2758460044861,
        "z":-12.231904983521
      },
      "rot":{
        "x":0.079958289861679,
        "y":89.993865966797,
        "z":359.98309326172
      }
    },
    "61801e":{
      "lock":false,
      "pos":{
        "x":12.170004844666,
        "y":1.2853579521179,
        "z":19.86750793457
      },
      "rot":{
        "x":0.079962387681007,
        "y":89.996826171875,
        "z":359.98309326172
      }
    },
    "7b57ad":{
      "lock":false,
      "pos":{
        "x":16.2712059021,
        "y":1.274898648262,
        "z":3.7608001232147
      },
      "rot":{
        "x":0.079957291483879,
        "y":89.992958068848,
        "z":359.98309326172
      }
    },
    "9af38c":{
      "lock":false,
      "pos":{
        "x":12.250153541565,
        "y":1.4825457334518,
        "z":-36.013847351074
      },
      "rot":{
        "x":-0.00015353251365013,
        "y":269.96923828125,
        "z":359.72113037109
      }
    },
    "c627fc":{
      "lock":false,
      "pos":{
        "x":17.83282661438,
        "y":1.4528588056564,
        "z":-12.870610237122
      },
      "rot":{
        "x":359.92010498047,
        "y":270.01727294922,
        "z":0.016848601400852
      }
    },
    "d14543":{
      "lock":false,
      "pos":{
        "x":66.496200561523,
        "y":1.1109549999237,
        "z":80.590103149414
      },
      "rot":{
        "x":359.97915649414,
        "y":89.993759155273,
        "z":359.98321533203
      }
    },
    "e1caf1":{
      "lock":false,
      "pos":{
        "x":12.17090511322,
        "y":1.2877213954925,
        "z":27.893007278442
      },
      "rot":{
        "x":0.079948805272579,
        "y":89.97127532959,
        "z":359.98306274414
      }
    },
    "eda22b":{
      "lock":false,
      "pos":{
        "x":-5.4458498954773,
        "y":1.5804318189621,
        "z":-29.442100524902
      },
      "rot":{
        "x":359.92013549805,
        "y":270.00042724609,
        "z":0.016871152445674
      }
    },
    "f040a6":{
      "lock":false,
      "pos":{
        "x":12.140706062317,
        "y":1.2806422710419,
        "z":3.7083930969238
      },
      "rot":{
        "x":0.079962693154812,
        "y":89.997001647949,
        "z":359.98309326172
      }
    }
  }
}