{
  "ml":{
    "0b0b79":{
      "lock":false,
      "pos":{
        "x":-1.465652346611,
        "y":1.4756220579147,
        "z":-26.932191848755
      },
      "rot":{
        "x":359.92013549805,
        "y":269.99758911133,
        "z":0.016875054687262
      }
    },
    "0cdf95":{
      "lock":false,
      "pos":{
        "x":12.251930236816,
        "y":1.4679583311081,
        "z":11.986437797546
      },
      "rot":{
        "x":359.92013549805,
        "y":269.99639892578,
        "z":0.016878569498658
      }
    },
    "210053":{
      "lock":false,
      "pos":{
        "x":0.27008312940598,
        "y":1.4896068572998,
        "z":28.777111053467
      },
      "rot":{
        "x":359.92010498047,
        "y":270.01858520508,
        "z":0.016846068203449
      }
    },
    "31cdb9":{
      "lock":false,
      "pos":{
        "x":12.249777793884,
        "y":1.4656057357788,
        "z":3.9863963127136
      },
      "rot":{
        "x":359.92013549805,
        "y":269.99993896484,
        "z":0.016874117776752
      }
    },
    "460ef8":{
      "lock":false,
      "pos":{
        "x":2.7240903377533,
        "y":1.5484637022018,
        "z":22.057189941406
      },
      "rot":{
        "x":359.92010498047,
        "y":270.03298950195,
        "z":0.016829840838909
      }
    },
    "470ad0":{
      "lock":false,
      "pos":{
        "x":2.7083432674408,
        "y":1.5813373327255,
        "z":19.181936264038
      },
      "rot":{
        "x":359.92010498047,
        "y":270.00619506836,
        "z":180.01684570312
      }
    },
    "655d56":{
      "lock":false,
      "pos":{
        "x":12.249605178833,
        "y":1.4632501602173,
        "z":-4.0136489868164
      },
      "rot":{
        "x":359.92013549805,
        "y":269.99993896484,
        "z":0.016874179244041
      }
    },
    "97e141":{
      "lock":false,
      "pos":{
        "x":-1.0916788578033,
        "y":1.4720456600189,
        "z":20.424909591675
      },
      "rot":{
        "x":359.98309326172,
        "y":3.9147365896497e-05,
        "z":359.92004394531
      }
    },
    "9d4840":{
      "lock":false,
      "pos":{
        "x":12.250108718872,
        "y":1.4608937501907,
        "z":-12.013650894165
      },
      "rot":{
        "x":359.92013549805,
        "y":269.99993896484,
        "z":0.016874086111784
      }
    },
    "efaa42":{
      "lock":false,
      "pos":{
        "x":12.249656677246,
        "y":1.4585382938385,
        "z":-20.014060974121
      },
      "rot":{
        "x":359.92010498047,
        "y":270.06079101562,
        "z":0.016789399087429
      }
    }
  }
}