{
  "ml":{
    "042d44":{
      "lock":false,
      "pos":{
        "x":-2.6885,
        "y":1.6239,
        "z":-5.0485
      },
      "rot":{
        "x":359.9197,
        "y":270.0006,
        "z":0.0168
      }
    },
    "3fb8ed":{
      "lock":false,
      "pos":{
        "x":-2.6884999275208,
        "y":1.6239305734634,
        "z":-5.0485014915466
      },
      "rot":{
        "x":359.91973876953,
        "y":270.00006103516,
        "z":0.016836944967508
      }
    },
    "4add31":{
      "lock":false,
      "pos":{
        "x":-23.676502227783,
        "y":1.6546484231949,
        "z":-0.029999796301127
      },
      "rot":{
        "x":359.92010498047,
        "y":270.00003051758,
        "z":0.016841156408191
      }
    },
    "5660ef":{
      "lock":false,
      "pos":{
        "x":-30.22421836853,
        "y":1.6416698694229,
        "z":15.189984321594
      },
      "rot":{
        "x":359.92010498047,
        "y":270.00106811523,
        "z":0.016838148236275
      }
    },
    "6c3b6c":{
      "lock":false,
      "pos":{
        "x":-17.120002746582,
        "y":1.6189227104187,
        "z":-0.029899993911386
      },
      "rot":{
        "x":359.92010498047,
        "y":269.9970703125,
        "z":0.016754576936364
      }
    },
    "7234af":{
      "lock":false,
      "pos":{
        "x":-20.414800643921,
        "y":1.6098947525024,
        "z":-0.093400225043297
      },
      "rot":{
        "x":359.92010498047,
        "y":270.00946044922,
        "z":0.01685468479991
      }
    },
    "767864":{
      "lock":false,
      "pos":{
        "x":-6.9100847244263,
        "y":1.6178497076034,
        "z":-13.100296020508
      },
      "rot":{
        "x":359.91973876953,
        "y":269.99993896484,
        "z":0.016839977353811
      }
    },
    "7d8fed":{
      "lock":false,
      "pos":{
        "x":-30.224300384521,
        "y":1.6327151060104,
        "z":-15.279997825623
      },
      "rot":{
        "x":359.92010498047,
        "y":269.99993896484,
        "z":0.016839783638716
      }
    },
    "a45247":{
      "lock":false,
      "pos":{
        "x":1.6961004734039,
        "y":1.5583174228668,
        "z":14.278701782227
      },
      "rot":{
        "x":359.95513916016,
        "y":225.00657653809,
        "z":0.068666853010654
      }
    },
    "b5928a":{
      "lock":false,
      "pos":{
        "x":-3.0259,
        "y":1.5813,
        "z":-14.8775
      },
      "rot":{
        "x":359.9197,
        "y":270.0014,
        "z":0.0168
      }
    },
    "b756c0":{
      "lock":false,
      "pos":{
        "x":-3.92760014534,
        "y":1.7251222133636,
        "z":5.7571015357971
      },
      "rot":{
        "x":359.91973876953,
        "y":270.00439453125,
        "z":180.01681518555
      }
    },
    "c7c0a9":{
      "lock":false,
      "pos":{
        "x":-2.7247,
        "y":1.6208,
        "z":0.3733
      },
      "rot":{
        "x":359.9197,
        "y":270.0151,
        "z":0.0168
      }
    },
    "ec7842":{
      "lock":false,
      "pos":{
        "x":-16.030099868774,
        "y":1.6304718255997,
        "z":-2.200799703598
      },
      "rot":{
        "x":359.92010498047,
        "y":269.9987487793,
        "z":0.7348707318306
      }
    },
    "fb280a":{
      "lock":false,
      "pos":{
        "x":-3.9558999538422,
        "y":1.597539305687,
        "z":-10.441201210022
      },
      "rot":{
        "x":359.91973876953,
        "y":270.00009155273,
        "z":0.016837088391185
      }
    },
    "fdd75d":{
      "lock":false,
      "pos":{
        "x":-2.7247002124786,
        "y":1.6207604408264,
        "z":0.37329962849617
      },
      "rot":{
        "x":359.91973876953,
        "y":269.99938964844,
        "z":0.016837803646922
      }
    }
  }
}