{
  "ml":{
    "77a5f9":{
      "lock":false,
      "pos":{
        "x":23.574192047119,
        "y":1.4498002529144,
        "z":3.9244611263275
      },
      "rot":{
        "x":359.92013549805,
        "y":269.99987792969,
        "z":0.016873760148883
      }
    },
    "9f6801":{
      "lock":false,
      "pos":{
        "x":23.570001602173,
        "y":1.4474031925201,
        "z":-4.2336225509644
      },
      "rot":{
        "x":359.92013549805,
        "y":269.99990844727,
        "z":0.016874834895134
      }
    }
  }
}