{
  "ml":{
    "03efce":{
      "lock":false,
      "position":{
        "x":40.290069580078,
        "y":1.3306990861893,
        "z":-79.619873046875
      },
      "rotation":{
        "x":0.020813155919313,
        "y":269.98559570312,
        "z":0.01676570251584
      }
    },
    "07d749":{
      "lock":false,
      "position":{
        "x":25.687320709229,
        "y":1.3864965438843,
        "z":-47.435970306396
      },
      "rotation":{
        "x":1.5894373655319,
        "y":269.99530029297,
        "z":0.016798429191113
      }
    },
    "12dc42":{
      "lock":false,
      "position":{
        "x":25.497371673584,
        "y":1.3835479021072,
        "z":-56.611457824707
      },
      "rotation":{
        "x":358.45809936523,
        "y":269.9794921875,
        "z":0.016788704320788
      }
    },
    "1948e6":{
      "lock":false,
      "position":{
        "x":40.290241241455,
        "y":1.3848898410797,
        "z":-70.419799804688
      },
      "rotation":{
        "x":358.45776367188,
        "y":269.98309326172,
        "z":0.01680451259017
      }
    },
    "1e0757":{
      "lock":false,
      "position":{
        "x":40.290077209473,
        "y":1.3387778997421,
        "z":-52.01997756958
      },
      "rotation":{
        "x":0.020813083276153,
        "y":269.98541259766,
        "z":0.016765631735325
      }
    },
    "218bf9":{
      "lock":false,
      "position":{
        "x":40.289943695068,
        "y":1.3374280929565,
        "z":-56.61990737915
      },
      "rotation":{
        "x":0.020832430571318,
        "y":269.99847412109,
        "z":0.016642011702061
      }
    },
    "268604":{
      "lock":false,
      "position":{
        "x":21.8304271698,
        "y":1.3307322263718,
        "z":-56.600421905518
      },
      "rotation":{
        "x":0.020822675898671,
        "y":269.98849487305,
        "z":0.016729734838009
      }
    },
    "2a2e57":{
      "lock":false,
      "position":{
        "x":29.33941078186,
        "y":1.3852299451828,
        "z":-56.608131408691
      },
      "rotation":{
        "x":1.5922260284424,
        "y":269.98803710938,
        "z":0.016794022172689
      }
    },
    "32c136":{
      "lock":false,
      "position":{
        "x":40.274284362793,
        "y":1.3280040025711,
        "z":-88.807548522949
      },
      "rotation":{
        "x":0.020808884873986,
        "y":270.00003051758,
        "z":0.016771148890257
      }
    },
    "36e6f8":{
      "lock":false,
      "position":{
        "x":40.290416717529,
        "y":1.3862426280975,
        "z":-65.819839477539
      },
      "rotation":{
        "x":358.45755004883,
        "y":269.99255371094,
        "z":0.016792930662632
      }
    },
    "46cd9b":{
      "lock":false,
      "position":{
        "x":36.624256134033,
        "y":1.3852694034576,
        "z":-65.808387756348
      },
      "rotation":{
        "x":358.44674682617,
        "y":269.99725341797,
        "z":0.01679477468133
      }
    },
    "63b912":{
      "lock":false,
      "position":{
        "x":36.624397277832,
        "y":1.3906669616699,
        "z":-47.408424377441
      },
      "rotation":{
        "x":358.44644165039,
        "y":269.98690795898,
        "z":0.016808496788144
      }
    },
    "6d39e9":{
      "lock":false,
      "position":{
        "x":36.624046325684,
        "y":1.3320640325546,
        "z":-70.408355712891
      },
      "rotation":{
        "x":0.020810790359974,
        "y":270.00491333008,
        "z":0.016771577298641
      }
    },
    "71c514":{
      "lock":false,
      "position":{
        "x":40.290065765381,
        "y":1.3320454359055,
        "z":-75.019973754883
      },
      "rotation":{
        "x":0.020813150331378,
        "y":269.9856262207,
        "z":0.016765810549259
      }
    },
    "76157c":{
      "lock":false,
      "position":{
        "x":36.623870849609,
        "y":1.3862478733063,
        "z":-61.208183288574
      },
      "rotation":{
        "x":1.5836876630783,
        "y":269.98425292969,
        "z":0.016786692664027
      }
    },
    "77cf3d":{
      "lock":false,
      "position":{
        "x":29.339138031006,
        "y":1.3361419439316,
        "z":-47.409599304199
      },
      "rotation":{
        "x":0.020878657698631,
        "y":269.98849487305,
        "z":0.016442954540253
      }
    },
    "969149":{
      "lock":false,
      "position":{
        "x":40.289981842041,
        "y":1.3293524980545,
        "z":-84.219863891602
      },
      "rotation":{
        "x":0.020813019946217,
        "y":269.98559570312,
        "z":0.016765737906098
      }
    },
    "96fe2f":{
      "lock":false,
      "position":{
        "x":32.984962463379,
        "y":1.389266371727,
        "z":-47.409534454346
      },
      "rotation":{
        "x":358.44873046875,
        "y":270.02087402344,
        "z":0.016737055033445
      }
    },
    "99ee1e":{
      "lock":false,
      "position":{
        "x":40.290069580078,
        "y":1.3360816240311,
        "z":-61.219989776611
      },
      "rotation":{
        "x":0.020837549120188,
        "y":269.98559570312,
        "z":0.016637843102217
      }
    },
    "a9db71":{
      "lock":false,
      "position":{
        "x":36.627353668213,
        "y":1.4360823631287,
        "z":-56.608367919922
      },
      "rotation":{
        "x":0.020335862413049,
        "y":269.97570800781,
        "z":0.016419321298599
      }
    },
    "be250d":{
      "lock":false,
      "position":{
        "x":32.985301971435,
        "y":1.3347767591476,
        "z":-56.608322143555
      },
      "rotation":{
        "x":0.020854026079178,
        "y":269.98559570312,
        "z":0.01656193844974
      }
    },
    "d39fc2":{
      "lock":false,
      "position":{
        "x":32.984336853027,
        "y":1.3320859670639,
        "z":-65.808303833008
      },
      "rotation":{
        "x":0.020836869254708,
        "y":269.99978637695,
        "z":0.016663676127791
      }
    },
    "fa41e2":{
      "lock":false,
      "position":{
        "x":40.291255950928,
        "y":1.3916162252426,
        "z":-47.419956207275
      },
      "rotation":{
        "x":358.45794677734,
        "y":269.98709106445,
        "z":0.016812996938825
      }
    }
  }
}