{
  "ml":{
    "06f882":{
      "lock":true,
      "pos":{
        "x":-3.7690000534058,
        "y":4.1352000236511,
        "z":5.6708002090454
      },
      "rot":{
        "x":0,
        "y":90,
        "z":0
      }
    },
    "0c01a1":{
      "lock":false,
      "pos":{
        "x":1.2422,
        "y":1.3947,
        "z":0.1206
      },
      "rot":{
        "x":359.9832,
        "y":0.0007,
        "z":359.9197
      }
    },
    "0e52c8":{
      "lock":false,
      "pos":{
        "x":-36.77311706543,
        "y":1.6463289260864,
        "z":-0.029996892437339
      },
      "rot":{
        "x":359.92010498047,
        "y":269.99975585938,
        "z":0.016840256750584
      }
    },
    "0f6d69":{
      "lock":false,
      "pos":{
        "x":-20.401500701904,
        "y":1.6098517179489,
        "z":-0.17720001935959
      },
      "rot":{
        "x":0.079894497990608,
        "y":90.000434875488,
        "z":359.9831237793
      }
    },
    "1ac3ac":{
      "lock":false,
      "pos":{
        "x":-3.9560174942017,
        "y":1.5975395441055,
        "z":-10.441198348999
      },
      "rot":{
        "x":359.91973876953,
        "y":270.03128051758,
        "z":0.016794268041849
      }
    },
    "1ee2a5":{
      "lock":false,
      "pos":{
        "x":-33.377201080322,
        "y":1.6279952526093,
        "z":-0.0078002414666116
      },
      "rot":{
        "x":0.079894565045834,
        "y":90.000518798828,
        "z":359.9831237793
      }
    },
    "201524":{
      "lock":false,
      "pos":{
        "x":-17.120000839233,
        "y":1.6064621210098,
        "z":3.860000371933
      },
      "rot":{
        "x":0.016790293157101,
        "y":180.03514099121,
        "z":0.079946868121624
      }
    },
    "309b74":{
      "lock":false,
      "pos":{
        "x":-12.432225227356,
        "y":1.6314996480942,
        "z":7.3153052330017
      },
      "rot":{
        "x":359.92010498047,
        "y":270.00045776367,
        "z":0.016841011121869
      }
    },
    "45ae28":{
      "lock":false,
      "pos":{
        "x":-9.3921222686768,
        "y":1.500217795372,
        "z":-27.134098052979
      },
      "rot":{
        "x":359.92013549805,
        "y":270,
        "z":180.01686096191
      }
    },
    "5f661f":{
      "lock":false,
      "pos":{
        "x":-2.6885070800781,
        "y":1.6191165447235,
        "z":-5.048499584198
      },
      "rot":{
        "x":359.91973876953,
        "y":270.00561523438,
        "z":0.01682959869504
      }
    },
    "60ad05":{
      "lock":false,
      "pos":{
        "x":-36.773101806641,
        "y":1.6316070556641,
        "z":-3.8300004005432
      },
      "rot":{
        "x":0.016790650784969,
        "y":180.03479003906,
        "z":0.07995118945837
      }
    },
    "6791fd":{
      "lock":false,
      "pos":{
        "x":1.6969004869461,
        "y":1.5583157539368,
        "z":14.278402328491
      },
      "rot":{
        "x":359.95513916016,
        "y":224.99810791016,
        "z":0.068673998117447
      }
    },
    "686672":{
      "lock":false,
      "pos":{
        "x":-36.773216247559,
        "y":1.6485625505447,
        "z":7.5700030326843
      },
      "rot":{
        "x":359.92010498047,
        "y":269.99966430664,
        "z":0.016841530799866
      }
    },
    "6f2827":{
      "lock":false,
      "pos":{
        "x":-3.9277114868164,
        "y":1.7491927146912,
        "z":5.7571039199829
      },
      "rot":{
        "x":359.91973876953,
        "y":269.99328613281,
        "z":180.01683044434
      }
    },
    "7234af":{
      "lock":false,
      "pos":{
        "x":-36.773101806641,
        "y":1.6338671445847,
        "z":3.8600008487701
      },
      "rot":{
        "x":0.016791593283415,
        "y":180.03428649902,
        "z":0.079963862895966
      }
    },
    "82e1ed":{
      "lock":false,
      "pos":{
        "x":-4.0012006759644,
        "y":1.5827789306641,
        "z":-14.590002059937
      },
      "rot":{
        "x":359.91973876953,
        "y":269.99261474609,
        "z":0.016848323866725
      }
    },
    "86cbee":{
      "lock":false,
      "pos":{
        "x":-17.119998931885,
        "y":1.6042021512985,
        "z":-3.8299994468689
      },
      "rot":{
        "x":0.016790507361293,
        "y":180.03492736816,
        "z":0.079946033656597
      }
    },
    "88a1cf":{
      "lock":false,
      "pos":{
        "x":-36.773216247559,
        "y":1.6440749168396,
        "z":-7.6999969482422
      },
      "rot":{
        "x":359.92010498047,
        "y":269.99969482422,
        "z":0.016840362921357
      }
    },
    "9caa1f":{
      "lock":false,
      "pos":{
        "x":-30.224199295044,
        "y":1.6247349977493,
        "z":3.8600008487701
      },
      "rot":{
        "x":0.016790520399809,
        "y":180.03486633301,
        "z":0.079955920577049
      }
    },
    "9dadf5":{
      "lock":false,
      "pos":{
        "x":-1.4655841588974,
        "y":1.4756227731705,
        "z":-26.930423736572
      },
      "rot":{
        "x":359.92013549805,
        "y":270.00073242188,
        "z":0.016870966181159
      }
    },
    "9e701d":{
      "lock":false,
      "pos":{
        "x":-2.7247068881988,
        "y":1.6207604408264,
        "z":0.37330129742622
      },
      "rot":{
        "x":359.91973876953,
        "y":269.98260498047,
        "z":0.016861727461219
      }
    },
    "a69955":{
      "lock":false,
      "pos":{
        "x":-30.224206924439,
        "y":1.6589647531509,
        "z":-0.029998760670424
      },
      "rot":{
        "x":359.92010498047,
        "y":270.00048828125,
        "z":0.01684021577239
      }
    },
    "b3ec68":{
      "lock":false,
      "pos":{
        "x":-12.735109329224,
        "y":1.6419553756714,
        "z":-7.6860990524292
      },
      "rot":{
        "x":359.92010498047,
        "y":270.00006103516,
        "z":0.016842378303409
      }
    },
    "b6a235":{
      "lock":false,
      "pos":{
        "x":-23.676500320435,
        "y":1.613344669342,
        "z":-3.829999923706
      },
      "rot":{
        "x":0.016790604218841,
        "y":180.03482055664,
        "z":0.07995018362999
      }
    },
    "d807d4":{
      "lock":false,
      "pos":{
        "x":-26.881399154663,
        "y":1.6189299821854,
        "z":-0.032600242644548
      },
      "rot":{
        "x":0.079894594848156,
        "y":90.000518798828,
        "z":359.9831237793
      }
    },
    "dda3d5":{
      "lock":false,
      "pos":{
        "x":-30.224199295044,
        "y":1.622475028038,
        "z":-3.829999923706
      },
      "rot":{
        "x":0.016790630295873,
        "y":180.03482055664,
        "z":0.079949967563152
      }
    },
    "e47eca":{
      "lock":false,
      "pos":{
        "x":-23.676500320435,
        "y":1.6156047582626,
        "z":3.8600006103516
      },
      "rot":{
        "x":0.016790496185422,
        "y":180.0348815918,
        "z":0.079950913786888
      }
    }
  }
}