{
  "ml":{
    "04ec55":{
      "lock":false,
      "position":{
        "x":36.623706817627,
        "y":1.3862456083298,
        "z":-61.208168029785
      },
      "rotation":{
        "x":1.5836168527603,
        "y":269.98596191406,
        "z":0.016791762784123
      }
    },
    "28ae75":{
      "lock":false,
      "position":{
        "x":36.623863220215,
        "y":1.3902879953384,
        "z":-47.408172607422
      },
      "rotation":{
        "x":1.5836409330368,
        "y":269.98611450195,
        "z":0.016846800222993
      }
    },
    "28d283":{
      "lock":false,
      "position":{
        "x":40.290065765381,
        "y":1.332043170929,
        "z":-75.019973754883
      },
      "rotation":{
        "x":0.020833536982536,
        "y":269.97302246094,
        "z":0.016672037541866
      }
    },
    "2c73fd":{
      "lock":false,
      "position":{
        "x":29.339487075806,
        "y":1.3879443407059,
        "z":-47.409572601318
      },
      "rotation":{
        "x":1.5928947925568,
        "y":269.98745727539,
        "z":0.016795203089714
      }
    },
    "3531c0":{
      "lock":false,
      "position":{
        "x":40.290069580078,
        "y":1.3306928873062,
        "z":-79.619873046875
      },
      "rotation":{
        "x":0.020857369527221,
        "y":269.98284912109,
        "z":0.016529627144337
      }
    },
    "3d76cc":{
      "lock":false,
      "position":{
        "x":40.290069580078,
        "y":1.3360818624496,
        "z":-61.219989776611
      },
      "rotation":{
        "x":0.020835982635617,
        "y":269.9833984375,
        "z":0.016648031771183
      }
    },
    "3ef3dc":{
      "lock":false,
      "position":{
        "x":36.623699188232,
        "y":1.3822063207626,
        "z":-75.00813293457
      },
      "rotation":{
        "x":1.5836131572723,
        "y":269.98547363281,
        "z":0.016802281141281
      }
    },
    "44139a":{
      "lock":false,
      "position":{
        "x":32.984718322754,
        "y":1.3799329996109,
        "z":-79.608200073242
      },
      "rotation":{
        "x":1.5956217050552,
        "y":269.97445678711,
        "z":0.016786895692349
      }
    },
    "645dee":{
      "lock":false,
      "position":{
        "x":40.290077209473,
        "y":1.3387751579285,
        "z":-52.01997756958
      },
      "rotation":{
        "x":0.020835377275944,
        "y":269.98098754883,
        "z":0.016654670238495
      }
    },
    "7b795b":{
      "lock":false,
      "position":{
        "x":36.623348236084,
        "y":1.3808444738388,
        "z":-79.607925415039
      },
      "rotation":{
        "x":1.5831725597382,
        "y":269.96636962891,
        "z":0.016770565882325
      }
    },
    "85cf7e":{
      "lock":false,
      "position":{
        "x":40.290073394775,
        "y":1.3333920240402,
        "z":-70.419845581055
      },
      "rotation":{
        "x":0.020815750584006,
        "y":269.97619628906,
        "z":0.016762422397733
      }
    },
    "8832eb":{
      "lock":false,
      "position":{
        "x":40.290077209473,
        "y":1.3401211500168,
        "z":-47.419990539551
      },
      "rotation":{
        "x":0.020833881571889,
        "y":269.9817199707,
        "z":0.016640637069941
      }
    },
    "9a09ee":{
      "lock":false,
      "position":{
        "x":40.290073394775,
        "y":1.3347384929657,
        "z":-65.819839477539
      },
      "rotation":{
        "x":0.020813815295696,
        "y":269.9833984375,
        "z":0.016765031963587
      }
    },
    "a099cd":{
      "lock":false,
      "position":{
        "x":40.29008102417,
        "y":1.3374314308166,
        "z":-56.619983673096
      },
      "rotation":{
        "x":0.020813858136535,
        "y":269.9833984375,
        "z":0.016765024513006
      }
    },
    "acae33":{
      "lock":false,
      "position":{
        "x":32.984535217285,
        "y":1.389328956604,
        "z":-47.409336090088
      },
      "rotation":{
        "x":1.5947235822678,
        "y":269.98245239258,
        "z":0.016799114644527
      }
    },
    "ec4b5d":{
      "lock":false,
      "position":{
        "x":36.623867034912,
        "y":1.3889406919479,
        "z":-52.008167266846
      },
      "rotation":{
        "x":1.5836797952652,
        "y":269.98623657227,
        "z":0.016795661300421
      }
    }
  }
}