{
  "ml":{
    "0b6166":{
      "lock":false,
      "pos":{
        "x":-30.224216461182,
        "y":1.6349427700043,
        "z":-7.6999974250794
      },
      "rot":{
        "x":359.92010498047,
        "y":269.99975585938,
        "z":0.016840521246195
      }
    },
    "116eb9":{
      "lock":false,
      "pos":{
        "x":-17.120012283325,
        "y":1.6211429834366,
        "z":7.5700016021728
      },
      "rot":{
        "x":359.92022705078,
        "y":270.00003051758,
        "z":0.015871580690145
      }
    },
    "1ed6d5":{
      "lock":false,
      "pos":{
        "x":-26.862300872803,
        "y":1.6175985336304,
        "z":-4.4727997779846
      },
      "rot":{
        "x":0.044588509947061,
        "y":44.999893188477,
        "z":359.93161010742
      }
    },
    "25652c":{
      "lock":false,
      "pos":{
        "x":-23.676500320435,
        "y":1.6166951656342,
        "z":7.5700001716614
      },
      "rot":{
        "x":359.92010498047,
        "y":270.01095581055,
        "z":0.016854593530297
      }
    },
    "4541f6":{
      "lock":false,
      "pos":{
        "x":-23.676517486572,
        "y":1.6280665397644,
        "z":-0.029897244647145
      },
      "rot":{
        "x":359.92010498047,
        "y":269.99868774414,
        "z":0.016842149198055
      }
    },
    "47b306":{
      "lock":false,
      "pos":{
        "x":-30.224416732788,
        "y":1.632715344429,
        "z":-15.279996871948
      },
      "rot":{
        "x":359.92010498047,
        "y":269.99957275391,
        "z":0.016840828582645
      }
    },
    "4901f8":{
      "lock":false,
      "pos":{
        "x":-26.897300720215,
        "y":1.6189515590668,
        "z":-0.034500285983086
      },
      "rot":{
        "x":359.92010498047,
        "y":270.01107788086,
        "z":0.016852146014571
      }
    },
    "4bd010":{
      "lock":false,
      "pos":{
        "x":-36.77311706543,
        "y":1.6463289260864,
        "z":-0.029997108504176
      },
      "rot":{
        "x":359.92010498047,
        "y":269.99975585938,
        "z":0.016841303557157
      }
    },
    "52e361":{
      "lock":false,
      "pos":{
        "x":-15.013716697693,
        "y":1.6130579710007,
        "z":-9.9959983825684
      },
      "rot":{
        "x":359.92010498047,
        "y":270,
        "z":0.016840480268002
      }
    },
    "556e96":{
      "lock":false,
      "pos":{
        "x":-3.9274134635925,
        "y":1.7636343240738,
        "z":5.7571034431458
      },
      "rot":{
        "x":359.91973876953,
        "y":270,
        "z":180.01681518555
      }
    },
    "64a96b":{
      "lock":false,
      "pos":{
        "x":-17.1201171875,
        "y":1.6166700124741,
        "z":-7.699996471405
      },
      "rot":{
        "x":359.92010498047,
        "y":269.99990844727,
        "z":0.016840659081936
      }
    },
    "70df0b":{
      "lock":false,
      "pos":{
        "x":-30.224317550659,
        "y":1.639430642128,
        "z":7.5700044631958
      },
      "rot":{
        "x":359.92010498047,
        "y":269.99978637695,
        "z":0.016840495169163
      }
    },
    "7234af":{
      "lock":false,
      "pos":{
        "x":-33.60120010376,
        "y":1.6282769441605,
        "z":-0.11230020225048
      },
      "rot":{
        "x":359.92010498047,
        "y":270.01119995117,
        "z":0.016851842403412
      }
    },
    "739b98":{
      "lock":false,
      "pos":{
        "x":-27.061599731445,
        "y":1.6203367710114,
        "z":3.8989000320435
      },
      "rot":{
        "x":359.93157958984,
        "y":314.99258422852,
        "z":359.95541381836
      }
    },
    "7d30ce":{
      "lock":false,
      "pos":{
        "x":-20.560697555542,
        "y":1.6090391874313,
        "z":-3.6976006031036
      },
      "rot":{
        "x":359.93157958984,
        "y":314.99572753906,
        "z":359.95541381836
      }
    },
    "7f6452":{
      "lock":false,
      "pos":{
        "x":-14.76553440094,
        "y":1.6310975551605,
        "z":5.0237078666687
      },
      "rot":{
        "x":359.46041870117,
        "y":0.054776046425104,
        "z":359.92010498047
      }
    },
    "7f7fb0":{
      "lock":false,
      "pos":{
        "x":-1.4652991294861,
        "y":1.4756222963333,
        "z":-26.930404663086
      },
      "rot":{
        "x":359.92013549805,
        "y":269.99868774414,
        "z":0.01687416434288
      }
    },
    "9229a8":{
      "lock":false,
      "pos":{
        "x":-3.8162043094635,
        "y":1.6048942804336,
        "z":15.25433921814
      },
      "rot":{
        "x":359.91973876953,
        "y":270.02572631836,
        "z":0.016802670434117
      }
    },
    "a2fcc1":{
      "lock":false,
      "pos":{
        "x":-3.9560170173645,
        "y":1.5975394248962,
        "z":-10.441197395325
      },
      "rot":{
        "x":359.91973876953,
        "y":269.99969482422,
        "z":0.016838489100337
      }
    },
    "b00f35":{
      "lock":false,
      "pos":{
        "x":-30.224216461182,
        "y":1.6371968984604,
        "z":-0.029996950179339
      },
      "rot":{
        "x":359.92010498047,
        "y":270.00006103516,
        "z":0.016840239986777
      }
    },
    "b58f4c":{
      "lock":false,
      "pos":{
        "x":-2.724716424942,
        "y":1.5989925861359,
        "z":0.37330371141434
      },
      "rot":{
        "x":0.016835834830999,
        "y":180,
        "z":0.080255500972271
      }
    },
    "b5928a":{
      "lock":false,
      "pos":{
        "x":-4.1450004577637,
        "y":1.5828106403351,
        "z":-15.16720199585
      },
      "rot":{
        "x":359.91973876953,
        "y":270.00140380859,
        "z":0.016835821792483
      }
    },
    "d70162":{
      "lock":false,
      "pos":{
        "x":-20.260099411011,
        "y":1.6108754873276,
        "z":3.976500749588
      },
      "rot":{
        "x":0.044589944183826,
        "y":45.001079559326,
        "z":359.93161010742
      }
    },
    "d7558d":{
      "lock":false,
      "pos":{
        "x":-30.224199295044,
        "y":1.6202179193497,
        "z":-11.510002136231
      },
      "rot":{
        "x":0.016839249059558,
        "y":180.00003051758,
        "z":0.079942747950554
      }
    },
    "f704e9":{
      "lock":false,
      "pos":{
        "x":-2.6884167194366,
        "y":1.5973485708237,
        "z":-5.0485968589783
      },
      "rot":{
        "x":0.016835810616612,
        "y":180,
        "z":0.080255463719368
      }
    }
  }
}