{
  "ml":{
    "451eaa":{
      "lock":false,
      "pos":{
        "x":12.24995803833,
        "y":1.4656052589416,
        "z":3.9863619804382
      },
      "rot":{
        "x":359.92013549805,
        "y":269.99990844727,
        "z":0.016873624175787
      }
    },
    "5302f2":{
      "lock":false,
      "pos":{
        "x":12.250466346741,
        "y":1.4585375785828,
        "z":-20.013650894165
      },
      "rot":{
        "x":359.92013549805,
        "y":270.00146484375,
        "z":0.016871672123671
      }
    },
    "72ab92":{
      "lock":false,
      "pos":{
        "x":12.252053260803,
        "y":1.4679582118988,
        "z":11.986371994019
      },
      "rot":{
        "x":359.92013549805,
        "y":270,
        "z":0.016873741522431
      }
    },
    "9e73fa":{
      "lock":false,
      "pos":{
        "x":12.250058174133,
        "y":1.4608938694,
        "z":-12.013638496399
      },
      "rot":{
        "x":359.92013549805,
        "y":269.99984741211,
        "z":0.016874490305781
      }
    },
    "cc7eb3":{
      "lock":false,
      "pos":{
        "x":12.249556541443,
        "y":1.4632502794266,
        "z":-4.0136408805847
      },
      "rot":{
        "x":359.92013549805,
        "y":269.99990844727,
        "z":0.01687441021204
      }
    }
  }
}