{
  "ml":{
    "164a39":{
      "lock":false,
      "pos":{
        "x":-3.9562005996704,
        "y":1.5975396633148,
        "z":-10.441501617432
      },
      "rot":{
        "x":359.91973876953,
        "y":269.99865722656,
        "z":0.01683908700943
      }
    },
    "1a1506":{
      "lock":false,
      "pos":{
        "x":-12.104998588562,
        "y":1.5949966907501,
        "z":-11.35830116272
      },
      "rot":{
        "x":359.92010498047,
        "y":269.97302246094,
        "z":0.016879664734006
      }
    },
    "6e906f":{
      "lock":false,
      "pos":{
        "x":-3.9279,
        "y":1.7203,
        "z":5.7572
      },
      "rot":{
        "x":359.9197,
        "y":270,
        "z":180.0168
      }
    },
    "7d6103":{
      "lock":false,
      "pos":{
        "x":-12.092900276184,
        "y":1.594304561615,
        "z":-13.655801773071
      },
      "rot":{
        "x":359.92010498047,
        "y":269.98919677734,
        "z":0.016848290339112
      }
    },
    "7e3c60":{
      "lock":false,
      "pos":{
        "x":-16.416599273682,
        "y":1.6701229810715,
        "z":9.4450998306274
      },
      "rot":{
        "x":0.079905733466148,
        "y":90.030403137207,
        "z":359.98321533203
      }
    },
    "8067ce":{
      "lock":false,
      "pos":{
        "x":-2.7245,
        "y":1.6208,
        "z":0.3732
      },
      "rot":{
        "x":359.9197,
        "y":269.9814,
        "z":0.0169
      }
    },
    "8beeb8":{
      "lock":false,
      "pos":{
        "x":-30.224300384521,
        "y":1.6371970176697,
        "z":-0.02999984100461
      },
      "rot":{
        "x":359.92010498047,
        "y":270.00006103516,
        "z":180.01683044434
      }
    },
    "8fb06e":{
      "lock":false,
      "pos":{
        "x":-11.518602371216,
        "y":1.4898204803467,
        "z":-26.310501098633
      },
      "rot":{
        "x":359.92022705078,
        "y":269.65997314453,
        "z":0.017345553264022
      }
    },
    "96f7e5":{
      "lock":false,
      "pos":{
        "x":-3.9277,
        "y":1.7203,
        "z":5.7571
      },
      "rot":{
        "x":359.9197,
        "y":270.0125,
        "z":180.0168
      }
    },
    "a0b3c1":{
      "lock":false,
      "pos":{
        "x":-12.7744,
        "y":1.6368,
        "z":7.2866
      },
      "rot":{
        "x":359.9201,
        "y":269.9998,
        "z":0.0168
      }
    },
    "a66270":{
      "lock":false,
      "pos":{
        "x":-12.6184,
        "y":1.6367,
        "z":7.5768
      },
      "rot":{
        "x":359.9201,
        "y":269.9999,
        "z":0.0168
      }
    },
    "b07c45":{
      "lock":false,
      "pos":{
        "x":-2.7248,
        "y":1.6208,
        "z":0.3733
      },
      "rot":{
        "x":359.9197,
        "y":270.0002,
        "z":0.0168
      }
    },
    "b3b462":{
      "lock":false,
      "pos":{
        "x":-2.6886270046234,
        "y":1.623930811882,
        "z":-5.0484957695007
      },
      "rot":{
        "x":359.91973876953,
        "y":270.00006103516,
        "z":0.016837395727634
      }
    },
    "b6da68":{
      "lock":false,
      "pos":{
        "x":1.7024005651474,
        "y":1.5583083629608,
        "z":14.277701377869
      },
      "rot":{
        "x":359.95513916016,
        "y":224.99786376953,
        "z":0.068672813475132
      }
    },
    "c0dc73":{
      "lock":true,
      "pos":{
        "x":0.087499998509884,
        "y":1.6124000549316,
        "z":-9.4350004196167
      },
      "rot":{
        "x":359.91979980469,
        "y":269.9873046875,
        "z":0.016900001093745
      }
    },
    "cc8bbb":{
      "lock":false,
      "pos":{
        "x":-12.033501625061,
        "y":1.595529794693,
        "z":-9.2046012878418
      },
      "rot":{
        "x":359.92010498047,
        "y":270.01177978516,
        "z":0.01681699231267
      }
    },
    "cdea43":{
      "lock":false,
      "pos":{
        "x":-12.603026390076,
        "y":1.6473436355591,
        "z":11.274806976318
      },
      "rot":{
        "x":359.92010498047,
        "y":270.00006103516,
        "z":180.01683044434
      }
    },
    "d3d96a":{
      "lock":false,
      "pos":{
        "x":-11.982498168945,
        "y":1.5961005687714,
        "z":-7.0207009315491
      },
      "rot":{
        "x":359.92010498047,
        "y":270.02111816406,
        "z":0.016803642734885
      }
    }
  }
}