{
  "ml":{
    "0118ae":{
      "lock":false,
      "position":{
        "x":36.618000030518,
        "y":1.3848187923431,
        "z":-65.807891845703
      },
      "rotation":{
        "x":1.5811386108398,
        "y":270.01315307617,
        "z":0.016889590770006
      }
    },
    "08c430":{
      "lock":false,
      "position":{
        "x":25.542600631714,
        "y":1.3334151506424,
        "z":-52.043197631836
      },
      "rotation":{
        "x":0.020802933722734,
        "y":270.02044677734,
        "z":0.016778454184532
      }
    },
    "092468":{
      "lock":false,
      "position":{
        "x":40.290256500244,
        "y":1.384890794754,
        "z":-70.419799804688
      },
      "rotation":{
        "x":358.4577331543,
        "y":269.98309326172,
        "z":0.016808141022921
      }
    },
    "0eff3a":{
      "lock":false,
      "position":{
        "x":29.339582443237,
        "y":1.3825631141663,
        "z":-65.808479309082
      },
      "rotation":{
        "x":1.5930094718933,
        "y":269.99298095703,
        "z":0.016807479783893
      }
    },
    "3f0496":{
      "lock":false,
      "position":{
        "x":36.624057769775,
        "y":1.3347556591034,
        "z":-61.208480834961
      },
      "rotation":{
        "x":0.020840667188168,
        "y":269.99649047852,
        "z":0.016718838363886
      }
    },
    "4f17e8":{
      "lock":false,
      "position":{
        "x":36.624118804932,
        "y":1.3320637941361,
        "z":-70.408348083496
      },
      "rotation":{
        "x":0.020816853269935,
        "y":270.001953125,
        "z":0.016759876161814
      }
    },
    "660e61":{
      "lock":false,
      "position":{
        "x":36.624359130859,
        "y":1.3902941942215,
        "z":-47.408420562744
      },
      "rotation":{
        "x":1.5838874578476,
        "y":269.98773193359,
        "z":0.016792727634311
      }
    },
    "6abdc5":{
      "lock":false,
      "position":{
        "x":40.291168212891,
        "y":1.3902666568756,
        "z":-52.019939422607
      },
      "rotation":{
        "x":358.4580078125,
        "y":269.98406982422,
        "z":0.016800025478005
      }
    },
    "7486a3":{
      "lock":false,
      "position":{
        "x":32.98469543457,
        "y":1.387912273407,
        "z":-52.009540557861
      },
      "rotation":{
        "x":358.44903564453,
        "y":269.98474121094,
        "z":0.016779279336333
      }
    },
    "77a94c":{
      "lock":false,
      "position":{
        "x":40.291564941406,
        "y":1.3889087438583,
        "z":-56.619884490967
      },
      "rotation":{
        "x":358.45831298828,
        "y":270.01910400391,
        "z":0.016794309020042
      }
    },
    "7e861b":{
      "lock":false,
      "position":{
        "x":40.290237426758,
        "y":1.3835424184799,
        "z":-75.019912719727
      },
      "rotation":{
        "x":358.45776367188,
        "y":269.98324584961,
        "z":0.016787694767118
      }
    },
    "957b29":{
      "lock":false,
      "position":{
        "x":40.290229797363,
        "y":1.3875814676285,
        "z":-61.219932556152
      },
      "rotation":{
        "x":358.4577331543,
        "y":269.99224853516,
        "z":0.016798319295049
      }
    },
    "979352":{
      "lock":false,
      "position":{
        "x":36.624198913574,
        "y":1.3893209695816,
        "z":-52.008430480957
      },
      "rotation":{
        "x":358.44638061523,
        "y":269.98648071289,
        "z":0.016790987923741
      }
    },
    "979594":{
      "lock":false,
      "position":{
        "x":40.290077209473,
        "y":1.3401213884354,
        "z":-47.419986724854
      },
      "rotation":{
        "x":0.020835580304265,
        "y":269.98526000977,
        "z":0.016648298129439
      }
    },
    "9a7d80":{
      "lock":false,
      "position":{
        "x":40.290073394775,
        "y":1.3347351551056,
        "z":-65.819839477539
      },
      "rotation":{
        "x":0.020825626328588,
        "y":270.00756835938,
        "z":0.016651319339871
      }
    },
    "9c79a5":{
      "lock":false,
      "position":{
        "x":36.624198913574,
        "y":1.387967467308,
        "z":-56.608512878418
      },
      "rotation":{
        "x":358.44662475586,
        "y":269.98944091797,
        "z":0.016850559040904
      }
    },
    "a8957d":{
      "lock":false,
      "position":{
        "x":32.984027862549,
        "y":1.3347792625427,
        "z":-56.608421325684
      },
      "rotation":{
        "x":0.020859042182565,
        "y":269.98718261719,
        "z":0.016665428876877
      }
    },
    "c53204":{
      "lock":false,
      "position":{
        "x":29.339605331421,
        "y":1.3348009586334,
        "z":-52.009521484375
      },
      "rotation":{
        "x":0.020858665928245,
        "y":269.98721313477,
        "z":0.016638809815049
      }
    },
    "d31f0f":{
      "lock":false,
      "position":{
        "x":36.624057769775,
        "y":1.3307163715362,
        "z":-75.008453369141
      },
      "rotation":{
        "x":0.020815584808588,
        "y":269.98901367188,
        "z":0.016719076782465
      }
    },
    "e0348a":{
      "lock":false,
      "position":{
        "x":40.290256500244,
        "y":1.3821964263916,
        "z":-79.619842529297
      },
      "rotation":{
        "x":358.4577331543,
        "y":269.98321533203,
        "z":0.016791487112641
      }
    },
    "ebe3a7":{
      "lock":false,
      "position":{
        "x":32.984497070312,
        "y":1.3840253353119,
        "z":-65.808227539062
      },
      "rotation":{
        "x":1.5972496271133,
        "y":269.97698974609,
        "z":0.016758777201176
      }
    },
    "f1db94":{
      "lock":false,
      "position":{
        "x":36.624126434326,
        "y":1.3293697834015,
        "z":-79.608322143555
      },
      "rotation":{
        "x":0.020829314365983,
        "y":269.98721313477,
        "z":0.016712658107281
      }
    }
  }
}