{
  "ml":{
    "070048":{
      "lock":false,
      "pos":{
        "x":-30.224208831787,
        "y":2.8799257278442,
        "z":-3.8299331665039
      },
      "rot":{
        "x":-0.0023167692124844,
        "y":179.99761962891,
        "z":1.2645794153214
      }
    },
    "09ad8b":{
      "lock":false,
      "pos":{
        "x":-36.773258209229,
        "y":3.0364844799042,
        "z":7.5702710151672
      },
      "rot":{
        "x":358.73474121094,
        "y":269.98989868164,
        "z":180
      }
    },
    "1d8274":{
      "lock":false,
      "pos":{
        "x":-3.9277,
        "y":1.7348,
        "z":5.7572
      },
      "rot":{
        "x":359.9197,
        "y":270.0125,
        "z":180.0168
      }
    },
    "1f45da":{
      "lock":false,
      "pos":{
        "x":-3.9560008049011,
        "y":1.5975394248962,
        "z":-10.441203117371
      },
      "rot":{
        "x":359.91973876953,
        "y":269.98178100586,
        "z":0.016862727701664
      }
    },
    "20323b":{
      "lock":false,
      "pos":{
        "x":-33.91194152832,
        "y":2.959376335144,
        "z":11.222791671753
      },
      "rot":{
        "x":359.10321044922,
        "y":224.98796081543,
        "z":0.87977743148804
      }
    },
    "270525":{
      "lock":false,
      "pos":{
        "x":-30.224401473999,
        "y":2.8792181015015,
        "z":11.460113525391
      },
      "rot":{
        "x":-0.00060374452732503,
        "y":179.95663452148,
        "z":1.262384057045
      }
    },
    "2875cc":{
      "lock":false,
      "pos":{
        "x":-27.215805053711,
        "y":2.8130829334259,
        "z":3.9749505519867
      },
      "rot":{
        "x":359.10858154297,
        "y":315.05358886719,
        "z":359.09234619141
      }
    },
    "2899d0":{
      "lock":false,
      "pos":{
        "x":-36.773189544678,
        "y":3.0373020172119,
        "z":-0.029746804386377
      },
      "rot":{
        "x":358.73431396484,
        "y":269.98962402344,
        "z":179.99873352051
      }
    },
    "319c65":{
      "lock":false,
      "pos":{
        "x":-1.8848,
        "y":1.4773,
        "z":-23.1586
      },
      "rot":{
        "x":359.9201,
        "y":269.9951,
        "z":0.0169
      }
    },
    "3b6978":{
      "lock":false,
      "pos":{
        "x":-33.478000640869,
        "y":2.9510362148285,
        "z":-0.01874047331512
      },
      "rot":{
        "x":358.73455810547,
        "y":270.01611328125,
        "z":359.97994995117
      }
    },
    "3bc61d":{
      "lock":false,
      "pos":{
        "x":-27.008367538452,
        "y":2.8085331916809,
        "z":0.077823251485825
      },
      "rot":{
        "x":358.73449707031,
        "y":270.01248168945,
        "z":359.98797607422
      }
    },
    "3fe960":{
      "lock":false,
      "pos":{
        "x":-30.22402381897,
        "y":2.8917722702026,
        "z":15.189903259277
      },
      "rot":{
        "x":358.73675537109,
        "y":269.99792480469,
        "z":179.96635437012
      }
    },
    "4a973f":{
      "lock":false,
      "pos":{
        "x":-23.676696777344,
        "y":2.7485775947571,
        "z":7.5698809623718
      },
      "rot":{
        "x":358.73458862305,
        "y":269.9853515625,
        "z":179.99919128418
      }
    },
    "53a4a1":{
      "lock":false,
      "pos":{
        "x":-17.120101928711,
        "y":2.6041193008423,
        "z":-0.030163012444973
      },
      "rot":{
        "x":358.73416137695,
        "y":269.99075317383,
        "z":179.99746704102
      }
    },
    "60aa1e":{
      "lock":false,
      "pos":{
        "x":-3.7979,
        "y":1.4061,
        "z":14.9015
      },
      "rot":{
        "x":359.9196,
        "y":270.0016,
        "z":0.0169
      }
    },
    "7234af":{
      "lock":false,
      "pos":{
        "x":-40.045021057129,
        "y":3.0959341526031,
        "z":0.025796543806791
      },
      "rot":{
        "x":358.73504638672,
        "y":270.00360107422,
        "z":359.97991943359
      }
    },
    "776283":{
      "lock":false,
      "pos":{
        "x":-34.034713745117,
        "y":2.9631130695343,
        "z":3.6024079322815
      },
      "rot":{
        "x":0.89387375116348,
        "y":135.02838134766,
        "z":0.8848837018013
      }
    },
    "83b3af":{
      "lock":false,
      "pos":{
        "x":-30.22438621521,
        "y":2.8925623893738,
        "z":7.5700445175171
      },
      "rot":{
        "x":358.73449707031,
        "y":269.99084472656,
        "z":180.0012512207
      }
    },
    "970ac8":{
      "lock":false,
      "pos":{
        "x":-23.676242828369,
        "y":2.7352058887482,
        "z":3.8600311279297
      },
      "rot":{
        "x":-0.0016176791395992,
        "y":179.98777770996,
        "z":1.2663322687149
      }
    },
    "971f55":{
      "lock":false,
      "pos":{
        "x":-8.7032775878906,
        "y":1.6740193367004,
        "z":5.7885594367981
      },
      "rot":{
        "x":359.92138671875,
        "y":269.99621582031,
        "z":180.01586914062
      }
    },
    "9b26d0":{
      "lock":false,
      "pos":{
        "x":-20.338941574097,
        "y":2.6616377830505,
        "z":-0.074478022754192
      },
      "rot":{
        "x":358.73413085938,
        "y":270.01239013672,
        "z":-0.0017197597771883
      }
    },
    "9cd123":{
      "lock":false,
      "pos":{
        "x":-23.676486968994,
        "y":2.7481133937836,
        "z":15.189784049988
      },
      "rot":{
        "x":358.7353515625,
        "y":269.99850463867,
        "z":179.98048400879
      }
    },
    "aa3d8a":{
      "lock":false,
      "pos":{
        "x":-9.356707572937,
        "y":1.6442315578461,
        "z":-0.65782803297043
      },
      "rot":{
        "x":359.92007446289,
        "y":270.01754760742,
        "z":0.016804730519652
      }
    },
    "afed94":{
      "lock":false,
      "pos":{
        "x":-26.175231933594,
        "y":2.7906529903412,
        "z":-4.4118156433106
      },
      "rot":{
        "x":359.10348510742,
        "y":224.99351501465,
        "z":0.89454841613769
      }
    },
    "b1d640":{
      "lock":false,
      "pos":{
        "x":-30.224363327026,
        "y":2.8795104026794,
        "z":3.8601009845734
      },
      "rot":{
        "x":-0.0025528513360769,
        "y":180.00811767578,
        "z":1.2597905397415
      }
    },
    "ba391c":{
      "lock":false,
      "pos":{
        "x":-23.676603317261,
        "y":2.7488913536072,
        "z":-0.030119372531772
      },
      "rot":{
        "x":358.73431396484,
        "y":269.98526000977,
        "z":179.99845886231
      }
    },
    "bc1bcc":{
      "lock":false,
      "pos":{
        "x":-2.7247,
        "y":1.6256,
        "z":0.3733
      },
      "rot":{
        "x":359.9197,
        "y":269.9813,
        "z":0.0169
      }
    },
    "bfb766":{
      "lock":false,
      "pos":{
        "x":-2.6886,
        "y":1.6239,
        "z":-5.0485
      },
      "rot":{
        "x":359.9197,
        "y":269.9754,
        "z":0.0169
      }
    },
    "c62fb5":{
      "lock":false,
      "pos":{
        "x":-23.676681518555,
        "y":2.7348597049713,
        "z":11.460052490234
      },
      "rot":{
        "x":-0.0015948443906382,
        "y":180.00567626953,
        "z":1.2656254768372
      }
    },
    "c907e9":{
      "lock":false,
      "pos":{
        "x":-33.538597106934,
        "y":2.9519114494324,
        "z":7.5605554580689
      },
      "rot":{
        "x":358.73513793945,
        "y":270.01388549805,
        "z":359.97897338867
      }
    },
    "cabbb3":{
      "lock":false,
      "pos":{
        "x":-30.2242,
        "y":1.6372,
        "z":-0.03
      },
      "rot":{
        "x":359.9201,
        "y":270.0274,
        "z":180.0168
      }
    },
    "d37681":{
      "lock":false,
      "pos":{
        "x":-27.010013580322,
        "y":2.8080048561096,
        "z":7.4949188232422
      },
      "rot":{
        "x":358.73510742188,