{
  "ml":{
    "391578":{
      "lock":false,
      "pos":{
        "x":12.249585151672,
        "y":1.4632499217987,
        "z":-4.0136547088623
      },
      "rot":{
        "x":359.92013549805,
        "y":269.99996948242,
        "z":0.016874130815268
      }
    },
    "5a1bc0":{
      "lock":false,
      "pos":{
        "x":12.250484466553,
        "y":1.4585373401642,
        "z":-20.013666152954
      },
      "rot":{
        "x":359.92013549805,
        "y":270,
        "z":0.016873961314559
      }
    },
    "7ced47":{
      "lock":false,
      "pos":{
        "x":12.249987602234,
        "y":1.4656052589416,
        "z":3.9863481521606
      },
      "rot":{
        "x":359.92013549805,
        "y":269.99996948242,
        "z":0.016874384135008
      }
    },
    "8c6d05":{
      "lock":false,
      "pos":{
        "x":12.250081062317,
        "y":1.4703166484833,
        "z":19.98637008667
      },
      "rot":{
        "x":359.92013549805,
        "y":270,
        "z":0.016873747110367
      }
    },
    "c09838":{
      "lock":false,
      "pos":{
        "x":12.250288009644,
        "y":1.4726718664169,
        "z":27.98637008667
      },
      "rot":{
        "x":359.92013549805,
        "y":270.00003051758,
        "z":0.016873983666301
      }
    },
    "c3844b":{
      "lock":false,
      "pos":{
        "x":-1.857115983963,
        "y":1.4924716949463,
        "z":28.434442520142
      },
      "rot":{
        "x":359.92013549805,
        "y":269.99749755859,
        "z":0.016875701025128
      }
    },
    "c3a225":{
      "lock":false,
      "pos":{
        "x":12.252081871033,
        "y":1.4679582118988,
        "z":11.986358642578
      },
      "rot":{
        "x":359.92013549805,
        "y":270,
        "z":0.016873773187399
      }
    },
    "d32a84":{
      "lock":false,
      "pos":{
        "x":12.249504089356,
        "y":1.4561830759048,
        "z":-28.013803482056
      },
      "rot":{
        "x":359.92013549805,
        "y":270.00991821289,
        "z":0.016859514638781
      }
    },
    "ddd5dd":{
      "lock":false,
      "pos":{
        "x":12.250087738037,
        "y":1.4608937501907,
        "z":-12.013654708862
      },
      "rot":{
        "x":359.92013549805,
        "y":269.99996948242,
        "z":0.016874464228749
      }
    },
    "f40183":{
      "lock":false,
      "pos":{
        "x":-1.4656434059143,
        "y":1.4756224155426,
        "z":-26.931035995483
      },
      "rot":{
        "x":359.92013549805,
        "y":270.00457763672,
        "z":0.016865130513906
      }
    }
  }
}